starshipID,fna,gff3,genus,species
altals1_s00058,SQL/data/fna/ships/mycodb/altals1_s00058.fa,SQL/data/gff/mycodb/altals1_s00058.gff,Alternaria,alstroemeriae
altalt11_s00073,SQL/data/fna/ships/mycodb/altalt11_s00073.fa,SQL/data/gff/mycodb/altalt11_s00073.gff,Alternaria,alternata
altalt11_s00074,SQL/data/fna/ships/mycodb/altalt11_s00074.fa,SQL/data/gff/mycodb/altalt11_s00074.gff,Alternaria,alternata
altalt12_s00075,SQL/data/fna/ships/mycodb/altalt12_s00075.fa,SQL/data/gff/mycodb/altalt12_s00075.gff,Alternaria,alternata
altalt13_s00078,SQL/data/fna/ships/mycodb/altalt13_s00078.fa,SQL/data/gff/mycodb/altalt13_s00078.gff,Alternaria,alternata
altalt13_s00079,SQL/data/fna/ships/mycodb/altalt13_s00079.fa,SQL/data/gff/mycodb/altalt13_s00079.gff,Alternaria,alternata
altalt7_s00064,SQL/data/fna/ships/mycodb/altalt7_s00064.fa,SQL/data/gff/mycodb/altalt7_s00064.gff,Alternaria,alternata
altalt7_s00065,SQL/data/fna/ships/mycodb/altalt7_s00065.fa,SQL/data/gff/mycodb/altalt7_s00065.gff,Alternaria,alternata
altalt7_s00066,SQL/data/fna/ships/mycodb/altalt7_s00066.fa,SQL/data/gff/mycodb/altalt7_s00066.gff,Alternaria,alternata
altalt8_s00067,SQL/data/fna/ships/mycodb/altalt8_s00067.fa,SQL/data/gff/mycodb/altalt8_s00067.gff,Alternaria,alternata
altalt8_s00068,SQL/data/fna/ships/mycodb/altalt8_s00068.fa,SQL/data/gff/mycodb/altalt8_s00068.gff,Alternaria,alternata
altalt9_s00069,SQL/data/fna/ships/mycodb/altalt9_s00069.fa,SQL/data/gff/mycodb/altalt9_s00069.gff,Alternaria,alternata
altalt9_s00070,SQL/data/fna/ships/mycodb/altalt9_s00070.fa,SQL/data/gff/mycodb/altalt9_s00070.gff,Alternaria,alternata
altalt9_s00071,SQL/data/fna/ships/mycodb/altalt9_s00071.fa,SQL/data/gff/mycodb/altalt9_s00071.gff,Alternaria,alternata
altarb4_s00090,SQL/data/fna/ships/mycodb/altarb4_s00090.fa,SQL/data/gff/mycodb/altarb4_s00090.gff,Alternaria,arborescens
altatr1_s00107,SQL/data/fna/ships/mycodb/altatr1_s00107.fa,SQL/data/gff/mycodb/altatr1_s00107.gff,Alternaria,atra
altcon1_s00140,SQL/data/fna/ships/mycodb/altcon1_s00140.fa,SQL/data/gff/mycodb/altcon1_s00140.gff,Alternaria,consortialis
altcon1_s00142,SQL/data/fna/ships/mycodb/altcon1_s00142.fa,SQL/data/gff/mycodb/altcon1_s00142.gff,Alternaria,consortialis
altcon1_s00144,SQL/data/fna/ships/mycodb/altcon1_s00144.fa,SQL/data/gff/mycodb/altcon1_s00144.gff,Alternaria,consortialis
altgai1_s00148,SQL/data/fna/ships/mycodb/altgai1_s00148.fa,SQL/data/gff/mycodb/altgai1_s00148.gff,Alternaria,gaisen
altlon1_s00163,SQL/data/fna/ships/mycodb/altlon1_s00163.fa,SQL/data/gff/mycodb/altlon1_s00163.gff,Alternaria,longipes
altlon1_s00164,SQL/data/fna/ships/mycodb/altlon1_s00164.fa,SQL/data/gff/mycodb/altlon1_s00164.gff,Alternaria,longipes
altlon1_s00165,SQL/data/fna/ships/mycodb/altlon1_s00165.fa,SQL/data/gff/mycodb/altlon1_s00165.gff,Alternaria,longipes
altlon1_s00166,SQL/data/fna/ships/mycodb/altlon1_s00166.fa,SQL/data/gff/mycodb/altlon1_s00166.gff,Alternaria,longipes
altlon1_s00167,SQL/data/fna/ships/mycodb/altlon1_s00167.fa,SQL/data/gff/mycodb/altlon1_s00167.gff,Alternaria,longipes
altlon1_s00168,SQL/data/fna/ships/mycodb/altlon1_s00168.fa,SQL/data/gff/mycodb/altlon1_s00168.gff,Alternaria,longipes
altlon1_s00170,SQL/data/fna/ships/mycodb/altlon1_s00170.fa,SQL/data/gff/mycodb/altlon1_s00170.gff,Alternaria,longipes
altlon1_s00171,SQL/data/fna/ships/mycodb/altlon1_s00171.fa,SQL/data/gff/mycodb/altlon1_s00171.gff,Alternaria,longipes
altsol2_s00184,SQL/data/fna/ships/mycodb/altsol2_s00184.fa,SQL/data/gff/mycodb/altsol2_s00184.gff,Alternaria,solani
altsol2_s00185,SQL/data/fna/ships/mycodb/altsol2_s00185.fa,SQL/data/gff/mycodb/altsol2_s00185.gff,Alternaria,solani
altten6_s00205,SQL/data/fna/ships/mycodb/altten6_s00205.fa,SQL/data/gff/mycodb/altten6_s00205.gff,Alternaria,tenuissima
annsty1_s00255,SQL/data/fna/ships/mycodb/annsty1_s00255.fa,SQL/data/gff/mycodb/annsty1_s00255.gff,Annulohypoxylon,stygium
aspacu4_s00329,SQL/data/fna/ships/mycodb/aspacu4_s00329.fa,SQL/data/gff/mycodb/aspacu4_s00329.gff,Aspergillus,aculeatinus
aspacu4_s00331,SQL/data/fna/ships/mycodb/aspacu4_s00331.fa,SQL/data/gff/mycodb/aspacu4_s00331.gff,Aspergillus,aculeatinus
aspara1_s00423,SQL/data/fna/ships/mycodb/aspara1_s00423.fa,SQL/data/gff/mycodb/aspara1_s00423.gff,Aspergillus,arachidicola
aspara3_s00451,SQL/data/fna/ships/mycodb/aspara3_s00451.fa,SQL/data/gff/mycodb/aspara3_s00451.gff,Aspergillus,arachidicola
aspasp11_s00573,SQL/data/fna/ships/mycodb/aspasp11_s00573.fa,SQL/data/gff/mycodb/aspasp11_s00573.gff,Aspergillus,sp.
aspasp11_s00578,SQL/data/fna/ships/mycodb/aspasp11_s00578.fa,SQL/data/gff/mycodb/aspasp11_s00578.gff,Aspergillus,sp.
aspasp13_s00586,SQL/data/fna/ships/mycodb/aspasp13_s00586.fa,SQL/data/gff/mycodb/aspasp13_s00586.gff,Aspergillus,sp.
aspasp6_s00527,SQL/data/fna/ships/mycodb/aspasp6_s00527.fa,SQL/data/gff/mycodb/aspasp6_s00527.gff,Aspergillus,sp.
aspasp8_s00544,SQL/data/fna/ships/mycodb/aspasp8_s00544.fa,SQL/data/gff/mycodb/aspasp8_s00544.gff,Aspergillus,sp.
aspasp8_s00549,SQL/data/fna/ships/mycodb/aspasp8_s00549.fa,SQL/data/gff/mycodb/aspasp8_s00549.gff,Aspergillus,sp.
aspasp9_s00554,SQL/data/fna/ships/mycodb/aspasp9_s00554.fa,SQL/data/gff/mycodb/aspasp9_s00554.gff,Aspergillus,sp.
aspasp9_s00555,SQL/data/fna/ships/mycodb/aspasp9_s00555.fa,SQL/data/gff/mycodb/aspasp9_s00555.gff,Aspergillus,sp.
aspasp9_s00556,SQL/data/fna/ships/mycodb/aspasp9_s00556.fa,SQL/data/gff/mycodb/aspasp9_s00556.gff,Aspergillus,sp.
aspasp9_s00557,SQL/data/fna/ships/mycodb/aspasp9_s00557.fa,SQL/data/gff/mycodb/aspasp9_s00557.gff,Aspergillus,sp.
aspawa1_s00598,SQL/data/fna/ships/mycodb/aspawa1_s00598.fa,SQL/data/gff/mycodb/aspawa1_s00598.gff,Aspergillus,awamori
aspawa1_s00606,SQL/data/fna/ships/mycodb/aspawa1_s00606.fa,SQL/data/gff/mycodb/aspawa1_s00606.gff,Aspergillus,awamori
aspawa1_s00607,SQL/data/fna/ships/mycodb/aspawa1_s00607.fa,SQL/data/gff/mycodb/aspawa1_s00607.gff,Aspergillus,awamori
aspawa2_s00611,SQL/data/fna/ships/mycodb/aspawa2_s00611.fa,SQL/data/gff/mycodb/aspawa2_s00611.gff,Aspergillus,awamori
aspawa2_s00612,SQL/data/fna/ships/mycodb/aspawa2_s00612.fa,SQL/data/gff/mycodb/aspawa2_s00612.gff,Aspergillus,awamori
aspcal2_s00737,SQL/data/fna/ships/mycodb/aspcal2_s00737.fa,SQL/data/gff/mycodb/aspcal2_s00737.gff,Aspergillus,calidoustus
aspcal2_s00739,SQL/data/fna/ships/mycodb/aspcal2_s00739.fa,SQL/data/gff/mycodb/aspcal2_s00739.gff,Aspergillus,calidoustus
aspcal2_s00743,SQL/data/fna/ships/mycodb/aspcal2_s00743.fa,SQL/data/gff/mycodb/aspcal2_s00743.gff,Aspergillus,calidoustus
aspcal2_s00748,SQL/data/fna/ships/mycodb/aspcal2_s00748.fa,SQL/data/gff/mycodb/aspcal2_s00748.gff,Aspergillus,calidoustus
aspcal3_s00753,SQL/data/fna/ships/mycodb/aspcal3_s00753.fa,SQL/data/gff/mycodb/aspcal3_s00753.gff,Aspergillus,calidoustus
aspcal3_s00755,SQL/data/fna/ships/mycodb/aspcal3_s00755.fa,SQL/data/gff/mycodb/aspcal3_s00755.gff,Aspergillus,calidoustus
aspcal3_s00759,SQL/data/fna/ships/mycodb/aspcal3_s00759.fa,SQL/data/gff/mycodb/aspcal3_s00759.gff,Aspergillus,calidoustus
aspcal3_s00764,SQL/data/fna/ships/mycodb/aspcal3_s00764.fa,SQL/data/gff/mycodb/aspcal3_s00764.gff,Aspergillus,calidoustus
aspche1_s00791,SQL/data/fna/ships/mycodb/aspche1_s00791.fa,SQL/data/gff/mycodb/aspche1_s00791.gff,Aspergillus,chevalieri
aspche1_s00792,SQL/data/fna/ships/mycodb/aspche1_s00792.fa,SQL/data/gff/mycodb/aspche1_s00792.gff,Aspergillus,chevalieri
aspche1_s00795,SQL/data/fna/ships/mycodb/aspche1_s00795.fa,SQL/data/gff/mycodb/aspche1_s00795.gff,Aspergillus,chevalieri
aspche2_s00812,SQL/data/fna/ships/mycodb/aspche2_s00812.fa,SQL/data/gff/mycodb/aspche2_s00812.gff,Aspergillus,chevalieri
aspche2_s00815,SQL/data/fna/ships/mycodb/aspche2_s00815.fa,SQL/data/gff/mycodb/aspche2_s00815.gff,Aspergillus,chevalieri
aspche2_s00817,SQL/data/fna/ships/mycodb/aspche2_s00817.fa,SQL/data/gff/mycodb/aspche2_s00817.gff,Aspergillus,chevalieri
aspche2_s00822,SQL/data/fna/ships/mycodb/aspche2_s00822.fa,SQL/data/gff/mycodb/aspche2_s00822.gff,Aspergillus,chevalieri
aspche2_s00825,SQL/data/fna/ships/mycodb/aspche2_s00825.fa,SQL/data/gff/mycodb/aspche2_s00825.gff,Aspergillus,chevalieri
aspche2_s00829,SQL/data/fna/ships/mycodb/aspche2_s00829.fa,SQL/data/gff/mycodb/aspche2_s00829.gff,Aspergillus,chevalieri
aspche2_s00830,SQL/data/fna/ships/mycodb/aspche2_s00830.fa,SQL/data/gff/mycodb/aspche2_s00830.gff,Aspergillus,chevalieri
aspche2_s00835,SQL/data/fna/ships/mycodb/aspche2_s00835.fa,SQL/data/gff/mycodb/aspche2_s00835.gff,Aspergillus,chevalieri
aspche2_s00837,SQL/data/fna/ships/mycodb/aspche2_s00837.fa,SQL/data/gff/mycodb/aspche2_s00837.gff,Aspergillus,chevalieri
aspcla2_s00838,SQL/data/fna/ships/mycodb/aspcla2_s00838.fa,SQL/data/gff/mycodb/aspcla2_s00838.gff,Aspergillus,clavatus
aspcla3_s00849,SQL/data/fna/ships/mycodb/aspcla3_s00849.fa,SQL/data/gff/mycodb/aspcla3_s00849.gff,Aspergillus,clavatus
aspcos2_s00867,SQL/data/fna/ships/mycodb/aspcos2_s00867.fa,SQL/data/gff/mycodb/aspcos2_s00867.gff,Aspergillus,costaricaensis
aspcos3_s00869,SQL/data/fna/ships/mycodb/aspcos3_s00869.fa,SQL/data/gff/mycodb/aspcos3_s00869.gff,Aspergillus,costaricaensis
aspcre1_s00870,SQL/data/fna/ships/mycodb/aspcre1_s00870.fa,SQL/data/gff/mycodb/aspcre1_s00870.gff,Aspergillus,creber
aspcri1_s00883,SQL/data/fna/ships/mycodb/aspcri1_s00883.fa,SQL/data/gff/mycodb/aspcri1_s00883.gff,Aspergillus,cristatus
aspcri1_s00885,SQL/data/fna/ships/mycodb/aspcri1_s00885.fa,SQL/data/gff/mycodb/aspcri1_s00885.gff,Aspergillus,cristatus
aspcri1_s00891,SQL/data/fna/ships/mycodb/aspcri1_s00891.fa,SQL/data/gff/mycodb/aspcri1_s00891.gff,Aspergillus,cristatus
aspcri1_s00894,SQL/data/fna/ships/mycodb/aspcri1_s00894.fa,SQL/data/gff/mycodb/aspcri1_s00894.gff,Aspergillus,cristatus
aspcri2_s00901,SQL/data/fna/ships/mycodb/aspcri2_s00901.fa,SQL/data/gff/mycodb/aspcri2_s00901.gff,Aspergillus,cristatus
aspcri2_s00906,SQL/data/fna/ships/mycodb/aspcri2_s00906.fa,SQL/data/gff/mycodb/aspcri2_s00906.gff,Aspergillus,cristatus
aspcri2_s00907,SQL/data/fna/ships/mycodb/aspcri2_s00907.fa,SQL/data/gff/mycodb/aspcri2_s00907.gff,Aspergillus,cristatus
aspcri2_s00908,SQL/data/fna/ships/mycodb/aspcri2_s00908.fa,SQL/data/gff/mycodb/aspcri2_s00908.gff,Aspergillus,cristatus
aspcri2_s00912,SQL/data/fna/ships/mycodb/aspcri2_s00912.fa,SQL/data/gff/mycodb/aspcri2_s00912.gff,Aspergillus,cristatus
aspcri2_s00913,SQL/data/fna/ships/mycodb/aspcri2_s00913.fa,SQL/data/gff/mycodb/aspcri2_s00913.gff,Aspergillus,cristatus
aspcri3_s00923,SQL/data/fna/ships/mycodb/aspcri3_s00923.fa,SQL/data/gff/mycodb/aspcri3_s00923.gff,Aspergillus,cristatus
aspcri3_s00925,SQL/data/fna/ships/mycodb/aspcri3_s00925.fa,SQL/data/gff/mycodb/aspcri3_s00925.gff,Aspergillus,cristatus
aspcri3_s00931,SQL/data/fna/ships/mycodb/aspcri3_s00931.fa,SQL/data/gff/mycodb/aspcri3_s00931.gff,Aspergillus,cristatus
aspcri3_s00934,SQL/data/fna/ships/mycodb/aspcri3_s00934.fa,SQL/data/gff/mycodb/aspcri3_s00934.gff,Aspergillus,cristatus
aspcri4_s00943,SQL/data/fna/ships/mycodb/aspcri4_s00943.fa,SQL/data/gff/mycodb/aspcri4_s00943.gff,Aspergillus,cristatus
aspcri5_s00973,SQL/data/fna/ships/mycodb/aspcri5_s00973.fa,SQL/data/gff/mycodb/aspcri5_s00973.gff,Aspergillus,cristatus
aspfis1_s01039,SQL/data/fna/ships/mycodb/aspfis1_s01039.fa,SQL/data/gff/mycodb/aspfis1_s01039.gff,Aspergillus,fischeri
aspfis1_s01040,SQL/data/fna/ships/mycodb/aspfis1_s01040.fa,SQL/data/gff/mycodb/aspfis1_s01040.gff,Aspergillus,fischeri
aspfis1_s01044,SQL/data/fna/ships/mycodb/aspfis1_s01044.fa,SQL/data/gff/mycodb/aspfis1_s01044.gff,Aspergillus,fischeri
aspfis1_s01045,SQL/data/fna/ships/mycodb/aspfis1_s01045.fa,SQL/data/gff/mycodb/aspfis1_s01045.gff,Aspergillus,fischeri
aspfis1_s01047,SQL/data/fna/ships/mycodb/aspfis1_s01047.fa,SQL/data/gff/mycodb/aspfis1_s01047.gff,Aspergillus,fischeri
aspfis1_s01048,SQL/data/fna/ships/mycodb/aspfis1_s01048.fa,SQL/data/gff/mycodb/aspfis1_s01048.gff,Aspergillus,fischeri
aspfis1_s01050,SQL/data/fna/ships/mycodb/aspfis1_s01050.fa,SQL/data/gff/mycodb/aspfis1_s01050.gff,Aspergillus,fischeri
aspfis2_s01054,SQL/data/fna/ships/mycodb/aspfis2_s01054.fa,SQL/data/gff/mycodb/aspfis2_s01054.gff,Aspergillus,fischeri
aspfis2_s01056,SQL/data/fna/ships/mycodb/aspfis2_s01056.fa,SQL/data/gff/mycodb/aspfis2_s01056.gff,Aspergillus,fischeri
aspfis2_s01057,SQL/data/fna/ships/mycodb/aspfis2_s01057.fa,SQL/data/gff/mycodb/aspfis2_s01057.gff,Aspergillus,fischeri
aspfis2_s01064,SQL/data/fna/ships/mycodb/aspfis2_s01064.fa,SQL/data/gff/mycodb/aspfis2_s01064.gff,Aspergillus,fischeri
aspfis3_s01071,SQL/data/fna/ships/mycodb/aspfis3_s01071.fa,SQL/data/gff/mycodb/aspfis3_s01071.gff,Aspergillus,fischeri
aspfis3_s01074,SQL/data/fna/ships/mycodb/aspfis3_s01074.fa,SQL/data/gff/mycodb/aspfis3_s01074.gff,Aspergillus,fischeri
aspfis4_s01084,SQL/data/fna/ships/mycodb/aspfis4_s01084.fa,SQL/data/gff/mycodb/aspfis4_s01084.gff,Aspergillus,fischeri
aspfis4_s01085,SQL/data/fna/ships/mycodb/aspfis4_s01085.fa,SQL/data/gff/mycodb/aspfis4_s01085.gff,Aspergillus,fischeri
aspfis4_s01088,SQL/data/fna/ships/mycodb/aspfis4_s01088.fa,SQL/data/gff/mycodb/aspfis4_s01088.gff,Aspergillus,fischeri
aspfis4_s01091,SQL/data/fna/ships/mycodb/aspfis4_s01091.fa,SQL/data/gff/mycodb/aspfis4_s01091.gff,Aspergillus,fischeri
aspfis5_s01110,SQL/data/fna/ships/mycodb/aspfis5_s01110.fa,SQL/data/gff/mycodb/aspfis5_s01110.gff,Aspergillus,fischeri
aspfis5_s01112,SQL/data/fna/ships/mycodb/aspfis5_s01112.fa,SQL/data/gff/mycodb/aspfis5_s01112.gff,Aspergillus,fischeri
aspfla10_s01146,SQL/data/fna/ships/mycodb/aspfla10_s01146.fa,SQL/data/gff/mycodb/aspfla10_s01146.gff,Aspergillus,flavus
aspfla10_s01147,SQL/data/fna/ships/mycodb/aspfla10_s01147.fa,SQL/data/gff/mycodb/aspfla10_s01147.gff,Aspergillus,flavus
aspfla11_s01150,SQL/data/fna/ships/mycodb/aspfla11_s01150.fa,SQL/data/gff/mycodb/aspfla11_s01150.gff,Aspergillus,flavus
aspfla11_s01151,SQL/data/fna/ships/mycodb/aspfla11_s01151.fa,SQL/data/gff/mycodb/aspfla11_s01151.gff,Aspergillus,flavus
aspfla12_s01152,SQL/data/fna/ships/mycodb/aspfla12_s01152.fa,SQL/data/gff/mycodb/aspfla12_s01152.gff,Aspergillus,flavus
aspfla12_s01153,SQL/data/fna/ships/mycodb/aspfla12_s01153.fa,SQL/data/gff/mycodb/aspfla12_s01153.gff,Aspergillus,flavus
aspfla12_s01155,SQL/data/fna/ships/mycodb/aspfla12_s01155.fa,SQL/data/gff/mycodb/aspfla12_s01155.gff,Aspergillus,flavus
aspfla13_s01156,SQL/data/fna/ships/mycodb/aspfla13_s01156.fa,SQL/data/gff/mycodb/aspfla13_s01156.gff,Aspergillus,flavus
aspfla13_s01158,SQL/data/fna/ships/mycodb/aspfla13_s01158.fa,SQL/data/gff/mycodb/aspfla13_s01158.gff,Aspergillus,flavus
aspfla14_s01160,SQL/data/fna/ships/mycodb/aspfla14_s01160.fa,SQL/data/gff/mycodb/aspfla14_s01160.gff,Aspergillus,flavus
aspfla14_s01161,SQL/data/fna/ships/mycodb/aspfla14_s01161.fa,SQL/data/gff/mycodb/aspfla14_s01161.gff,Aspergillus,flavus
aspfla4_s01120,SQL/data/fna/ships/mycodb/aspfla4_s01120.fa,SQL/data/gff/mycodb/aspfla4_s01120.gff,Aspergillus,flavus
aspfla5_s01123,SQL/data/fna/ships/mycodb/aspfla5_s01123.fa,SQL/data/gff/mycodb/aspfla5_s01123.gff,Aspergillus,flavus
aspfla5_s01125,SQL/data/fna/ships/mycodb/aspfla5_s01125.fa,SQL/data/gff/mycodb/aspfla5_s01125.gff,Aspergillus,flavus
aspfla6_s01126,SQL/data/fna/ships/mycodb/aspfla6_s01126.fa,SQL/data/gff/mycodb/aspfla6_s01126.gff,Aspergillus,flavus
aspfla6_s01127,SQL/data/fna/ships/mycodb/aspfla6_s01127.fa,SQL/data/gff/mycodb/aspfla6_s01127.gff,Aspergillus,flavus
aspfla7_s01129,SQL/data/fna/ships/mycodb/aspfla7_s01129.fa,SQL/data/gff/mycodb/aspfla7_s01129.gff,Aspergillus,flavus
aspfla7_s01131,SQL/data/fna/ships/mycodb/aspfla7_s01131.fa,SQL/data/gff/mycodb/aspfla7_s01131.gff,Aspergillus,flavus
aspfla7_s01132,SQL/data/fna/ships/mycodb/aspfla7_s01132.fa,SQL/data/gff/mycodb/aspfla7_s01132.gff,Aspergillus,flavus
aspfla8_s01137,SQL/data/fna/ships/mycodb/aspfla8_s01137.fa,SQL/data/gff/mycodb/aspfla8_s01137.gff,Aspergillus,flavus
aspfla8_s01139,SQL/data/fna/ships/mycodb/aspfla8_s01139.fa,SQL/data/gff/mycodb/aspfla8_s01139.gff,Aspergillus,flavus
aspfla8_s01140,SQL/data/fna/ships/mycodb/aspfla8_s01140.fa,SQL/data/gff/mycodb/aspfla8_s01140.gff,Aspergillus,flavus
aspfum11_s01256,SQL/data/fna/ships/mycodb/aspfum11_s01256.fa,SQL/data/gff/mycodb/aspfum11_s01256.gff,Aspergillus,fumigatiaffinis
aspfum13_s01287,SQL/data/fna/ships/mycodb/aspfum13_s01287.fa,SQL/data/gff/mycodb/aspfum13_s01287.gff,Aspergillus,fumigatiaffinis
aspfum13_s01290,SQL/data/fna/ships/mycodb/aspfum13_s01290.fa,SQL/data/gff/mycodb/aspfum13_s01290.gff,Aspergillus,fumigatiaffinis
aspfum15_s01316,SQL/data/fna/ships/mycodb/aspfum15_s01316.fa,SQL/data/gff/mycodb/aspfum15_s01316.gff,Aspergillus,fumigatus
aspfum15_s01319,SQL/data/fna/ships/mycodb/aspfum15_s01319.fa,SQL/data/gff/mycodb/aspfum15_s01319.gff,Aspergillus,fumigatus
aspfum15_s01324,SQL/data/fna/ships/mycodb/aspfum15_s01324.fa,SQL/data/gff/mycodb/aspfum15_s01324.gff,Aspergillus,fumigatus
aspfum15_s01326,SQL/data/fna/ships/mycodb/aspfum15_s01326.fa,SQL/data/gff/mycodb/aspfum15_s01326.gff,Aspergillus,fumigatus
aspfum16_s01334,SQL/data/fna/ships/mycodb/aspfum16_s01334.fa,SQL/data/gff/mycodb/aspfum16_s01334.gff,Aspergillus,fumigatus
aspfum17_s01338,SQL/data/fna/ships/mycodb/aspfum17_s01338.fa,SQL/data/gff/mycodb/aspfum17_s01338.gff,Aspergillus,fumigatus
aspfum17_s01344,SQL/data/fna/ships/mycodb/aspfum17_s01344.fa,SQL/data/gff/mycodb/aspfum17_s01344.gff,Aspergillus,fumigatus
aspfum19_s01352,SQL/data/fna/ships/mycodb/aspfum19_s01352.fa,SQL/data/gff/mycodb/aspfum19_s01352.gff,Aspergillus,fumigatus
aspfum3_s01168,SQL/data/fna/ships/mycodb/aspfum3_s01168.fa,SQL/data/gff/mycodb/aspfum3_s01168.gff,Aspergillus,fumigatus
aspfum3_s01169,SQL/data/fna/ships/mycodb/aspfum3_s01169.fa,SQL/data/gff/mycodb/aspfum3_s01169.gff,Aspergillus,fumigatus
aspfum3_s01172,SQL/data/fna/ships/mycodb/aspfum3_s01172.fa,SQL/data/gff/mycodb/aspfum3_s01172.gff,Aspergillus,fumigatus
aspfum3_s01174,SQL/data/fna/ships/mycodb/aspfum3_s01174.fa,SQL/data/gff/mycodb/aspfum3_s01174.gff,Aspergillus,fumigatus
aspfum3_s01179,SQL/data/fna/ships/mycodb/aspfum3_s01179.fa,SQL/data/gff/mycodb/aspfum3_s01179.gff,Aspergillus,fumigatus
aspfum4_s01182,SQL/data/fna/ships/mycodb/aspfum4_s01182.fa,SQL/data/gff/mycodb/aspfum4_s01182.gff,Aspergillus,fumigatus
aspfum4_s01183,SQL/data/fna/ships/mycodb/aspfum4_s01183.fa,SQL/data/gff/mycodb/aspfum4_s01183.gff,Aspergillus,fumigatus
aspfum4_s01185,SQL/data/fna/ships/mycodb/aspfum4_s01185.fa,SQL/data/gff/mycodb/aspfum4_s01185.gff,Aspergillus,fumigatus
aspfum4_s01186,SQL/data/fna/ships/mycodb/aspfum4_s01186.fa,SQL/data/gff/mycodb/aspfum4_s01186.gff,Aspergillus,fumigatus
aspfum4_s01194,SQL/data/fna/ships/mycodb/aspfum4_s01194.fa,SQL/data/gff/mycodb/aspfum4_s01194.gff,Aspergillus,fumigatus
aspfum4_s01195,SQL/data/fna/ships/mycodb/aspfum4_s01195.fa,SQL/data/gff/mycodb/aspfum4_s01195.gff,Aspergillus,fumigatus
aspfum5_s01198,SQL/data/fna/ships/mycodb/aspfum5_s01198.fa,SQL/data/gff/mycodb/aspfum5_s01198.gff,Aspergillus,fumigatus
aspfum5_s01199,SQL/data/fna/ships/mycodb/aspfum5_s01199.fa,SQL/data/gff/mycodb/aspfum5_s01199.gff,Aspergillus,fumigatus
aspfum5_s01202,SQL/data/fna/ships/mycodb/aspfum5_s01202.fa,SQL/data/gff/mycodb/aspfum5_s01202.gff,Aspergillus,fumigatus
aspfum5_s01204,SQL/data/fna/ships/mycodb/aspfum5_s01204.fa,SQL/data/gff/mycodb/aspfum5_s01204.gff,Aspergillus,fumigatus
aspfum5_s01209,SQL/data/fna/ships/mycodb/aspfum5_s01209.fa,SQL/data/gff/mycodb/aspfum5_s01209.gff,Aspergillus,fumigatus
aspfum6_s01211,SQL/data/fna/ships/mycodb/aspfum6_s01211.fa,SQL/data/gff/mycodb/aspfum6_s01211.gff,Aspergillus,fumigatus
aspfum6_s01213,SQL/data/fna/ships/mycodb/aspfum6_s01213.fa,SQL/data/gff/mycodb/aspfum6_s01213.gff,Aspergillus,fumigatus
aspfum6_s01216,SQL/data/fna/ships/mycodb/aspfum6_s01216.fa,SQL/data/gff/mycodb/aspfum6_s01216.gff,Aspergillus,fumigatus
aspfum6_s01217,SQL/data/fna/ships/mycodb/aspfum6_s01217.fa,SQL/data/gff/mycodb/aspfum6_s01217.gff,Aspergillus,fumigatus
aspfum6_s01218,SQL/data/fna/ships/mycodb/aspfum6_s01218.fa,SQL/data/gff/mycodb/aspfum6_s01218.gff,Aspergillus,fumigatus
aspfum6_s01221,SQL/data/fna/ships/mycodb/aspfum6_s01221.fa,SQL/data/gff/mycodb/aspfum6_s01221.gff,Aspergillus,fumigatus
aspfum6_s01223,SQL/data/fna/ships/mycodb/aspfum6_s01223.fa,SQL/data/gff/mycodb/aspfum6_s01223.gff,Aspergillus,fumigatus
aspfum6_s01226,SQL/data/fna/ships/mycodb/aspfum6_s01226.fa,SQL/data/gff/mycodb/aspfum6_s01226.gff,Aspergillus,fumigatus
aspfum8_s01240,SQL/data/fna/ships/mycodb/aspfum8_s01240.fa,SQL/data/gff/mycodb/aspfum8_s01240.gff,Aspergillus,fumigatus
aspgla1_s01378,SQL/data/fna/ships/mycodb/aspgla1_s01378.fa,SQL/data/gff/mycodb/aspgla1_s01378.gff,Aspergillus,glaucus
asphir1_s01419,SQL/data/fna/ships/mycodb/asphir1_s01419.fa,SQL/data/gff/mycodb/asphir1_s01419.gff,Aspergillus,hiratsukae
aspind2_s01473,SQL/data/fna/ships/mycodb/aspind2_s01473.fa,SQL/data/gff/mycodb/aspind2_s01473.gff,Aspergillus,indologenus
aspind3_s01476,SQL/data/fna/ships/mycodb/aspind3_s01476.fa,SQL/data/gff/mycodb/aspind3_s01476.gff,Aspergillus,indologenus
aspjap1_s01479,SQL/data/fna/ships/mycodb/aspjap1_s01479.fa,SQL/data/gff/mycodb/aspjap1_s01479.gff,Aspergillus,japonicus
aspjap2_s01482,SQL/data/fna/ships/mycodb/aspjap2_s01482.fa,SQL/data/gff/mycodb/aspjap2_s01482.gff,Aspergillus,japonicus
aspjen1_s01486,SQL/data/fna/ships/mycodb/aspjen1_s01486.fa,SQL/data/gff/mycodb/aspjen1_s01486.gff,Aspergillus,jensenii
aspjen1_s01489,SQL/data/fna/ships/mycodb/aspjen1_s01489.fa,SQL/data/gff/mycodb/aspjen1_s01489.gff,Aspergillus,jensenii
aspjen1_s01490,SQL/data/fna/ships/mycodb/aspjen1_s01490.fa,SQL/data/gff/mycodb/aspjen1_s01490.gff,Aspergillus,jensenii
asplen10_s01696,SQL/data/fna/ships/mycodb/asplen10_s01696.fa,SQL/data/gff/mycodb/asplen10_s01696.gff,Aspergillus,lentulus
asplen2_s01651,SQL/data/fna/ships/mycodb/asplen2_s01651.fa,SQL/data/gff/mycodb/asplen2_s01651.gff,Aspergillus,lentulus
asplen4_s01659,SQL/data/fna/ships/mycodb/asplen4_s01659.fa,SQL/data/gff/mycodb/asplen4_s01659.gff,Aspergillus,lentulus
asplen7_s01673,SQL/data/fna/ships/mycodb/asplen7_s01673.fa,SQL/data/gff/mycodb/asplen7_s01673.gff,Aspergillus,lentulus
asplen8_s01682,SQL/data/fna/ships/mycodb/asplen8_s01682.fa,SQL/data/gff/mycodb/asplen8_s01682.gff,Aspergillus,lentulus
aspluc10_s01801,SQL/data/fna/ships/mycodb/aspluc10_s01801.fa,SQL/data/gff/mycodb/aspluc10_s01801.gff,Aspergillus,luchuensis
aspluc11_s01810,SQL/data/fna/ships/mycodb/aspluc11_s01810.fa,SQL/data/gff/mycodb/aspluc11_s01810.gff,Aspergillus,luchuensis
aspluc12_s01818,SQL/data/fna/ships/mycodb/aspluc12_s01818.fa,SQL/data/gff/mycodb/aspluc12_s01818.gff,Aspergillus,luchuensis
aspluc12_s01819,SQL/data/fna/ships/mycodb/aspluc12_s01819.fa,SQL/data/gff/mycodb/aspluc12_s01819.gff,Aspergillus,luchuensis
aspluc12_s01820,SQL/data/fna/ships/mycodb/aspluc12_s01820.fa,SQL/data/gff/mycodb/aspluc12_s01820.gff,Aspergillus,luchuensis
aspluc12_s01823,SQL/data/fna/ships/mycodb/aspluc12_s01823.fa,SQL/data/gff/mycodb/aspluc12_s01823.gff,Aspergillus,luchuensis
aspluc12_s01824,SQL/data/fna/ships/mycodb/aspluc12_s01824.fa,SQL/data/gff/mycodb/aspluc12_s01824.gff,Aspergillus,luchuensis
aspluc13_s01826,SQL/data/fna/ships/mycodb/aspluc13_s01826.fa,SQL/data/gff/mycodb/aspluc13_s01826.gff,Aspergillus,luchuensis
aspluc2_s01743,SQL/data/fna/ships/mycodb/aspluc2_s01743.fa,SQL/data/gff/mycodb/aspluc2_s01743.gff,Aspergillus,luchuensis
aspluc5_s01764,SQL/data/fna/ships/mycodb/aspluc5_s01764.fa,SQL/data/gff/mycodb/aspluc5_s01764.gff,Aspergillus,luchuensis
aspluc6_s01772,SQL/data/fna/ships/mycodb/aspluc6_s01772.fa,SQL/data/gff/mycodb/aspluc6_s01772.gff,Aspergillus,luchuensis
aspluc8_s01784,SQL/data/fna/ships/mycodb/aspluc8_s01784.fa,SQL/data/gff/mycodb/aspluc8_s01784.gff,Aspergillus,luchuensis
aspluc9_s01792,SQL/data/fna/ships/mycodb/aspluc9_s01792.fa,SQL/data/gff/mycodb/aspluc9_s01792.gff,Aspergillus,luchuensis
aspmel1_s01827,SQL/data/fna/ships/mycodb/aspmel1_s01827.fa,SQL/data/gff/mycodb/aspmel1_s01827.gff,Aspergillus,melleus
aspmel1_s01828,SQL/data/fna/ships/mycodb/aspmel1_s01828.fa,SQL/data/gff/mycodb/aspmel1_s01828.gff,Aspergillus,melleus
aspmel1_s01834,SQL/data/fna/ships/mycodb/aspmel1_s01834.fa,SQL/data/gff/mycodb/aspmel1_s01834.gff,Aspergillus,melleus
aspmel1_s01836,SQL/data/fna/ships/mycodb/aspmel1_s01836.fa,SQL/data/gff/mycodb/aspmel1_s01836.gff,Aspergillus,melleus
aspmel1_s01838,SQL/data/fna/ships/mycodb/aspmel1_s01838.fa,SQL/data/gff/mycodb/aspmel1_s01838.gff,Aspergillus,melleus
aspmel1_s01839,SQL/data/fna/ships/mycodb/aspmel1_s01839.fa,SQL/data/gff/mycodb/aspmel1_s01839.gff,Aspergillus,melleus
aspmon1_s01878,SQL/data/fna/ships/mycodb/aspmon1_s01878.fa,SQL/data/gff/mycodb/aspmon1_s01878.gff,Aspergillus,montevidensis
aspneo8_s01897,SQL/data/fna/ships/mycodb/aspneo8_s01897.fa,SQL/data/gff/mycodb/aspneo8_s01897.gff,Aspergillus,neoellipticus
aspnid1_s01906,SQL/data/fna/ships/mycodb/aspnid1_s01906.fa,SQL/data/gff/mycodb/aspnid1_s01906.gff,Aspergillus,nidulans
aspnid3_s01913,SQL/data/fna/ships/mycodb/aspnid3_s01913.fa,SQL/data/gff/mycodb/aspnid3_s01913.gff,Aspergillus,nidulans
aspnid3_s01917,SQL/data/fna/ships/mycodb/aspnid3_s01917.fa,SQL/data/gff/mycodb/aspnid3_s01917.gff,Aspergillus,nidulans
aspnid3_s01918,SQL/data/fna/ships/mycodb/aspnid3_s01918.fa,SQL/data/gff/mycodb/aspnid3_s01918.gff,Aspergillus,nidulans
aspnid4_s01920,SQL/data/fna/ships/mycodb/aspnid4_s01920.fa,SQL/data/gff/mycodb/aspnid4_s01920.gff,Aspergillus,nidulans
aspnid4_s01927,SQL/data/fna/ships/mycodb/aspnid4_s01927.fa,SQL/data/gff/mycodb/aspnid4_s01927.gff,Aspergillus,nidulans
aspnig10_s01981,SQL/data/fna/ships/mycodb/aspnig10_s01981.fa,SQL/data/gff/mycodb/aspnig10_s01981.gff,Aspergillus,niger
aspnig10_s01982,SQL/data/fna/ships/mycodb/aspnig10_s01982.fa,SQL/data/gff/mycodb/aspnig10_s01982.gff,Aspergillus,niger
aspnig10_s01984,SQL/data/fna/ships/mycodb/aspnig10_s01984.fa,SQL/data/gff/mycodb/aspnig10_s01984.gff,Aspergillus,niger
aspnig11_s01985,SQL/data/fna/ships/mycodb/aspnig11_s01985.fa,SQL/data/gff/mycodb/aspnig11_s01985.gff,Aspergillus,niger
aspnig11_s01987,SQL/data/fna/ships/mycodb/aspnig11_s01987.fa,SQL/data/gff/mycodb/aspnig11_s01987.gff,Aspergillus,niger
aspnig11_s01988,SQL/data/fna/ships/mycodb/aspnig11_s01988.fa,SQL/data/gff/mycodb/aspnig11_s01988.gff,Aspergillus,niger
aspnig11_s01989,SQL/data/fna/ships/mycodb/aspnig11_s01989.fa,SQL/data/gff/mycodb/aspnig11_s01989.gff,Aspergillus,niger
aspnig12_s01991,SQL/data/fna/ships/mycodb/aspnig12_s01991.fa,SQL/data/gff/mycodb/aspnig12_s01991.gff,Aspergillus,niger
aspnig12_s01992,SQL/data/fna/ships/mycodb/aspnig12_s01992.fa,SQL/data/gff/mycodb/aspnig12_s01992.gff,Aspergillus,niger
aspnig13_s01999,SQL/data/fna/ships/mycodb/aspnig13_s01999.fa,SQL/data/gff/mycodb/aspnig13_s01999.gff,Aspergillus,niger
aspnig13_s02000,SQL/data/fna/ships/mycodb/aspnig13_s02000.fa,SQL/data/gff/mycodb/aspnig13_s02000.gff,Aspergillus,niger
aspnig15_s02001,SQL/data/fna/ships/mycodb/aspnig15_s02001.fa,SQL/data/gff/mycodb/aspnig15_s02001.gff,Aspergillus,niger
aspnig15_s02002,SQL/data/fna/ships/mycodb/aspnig15_s02002.fa,SQL/data/gff/mycodb/aspnig15_s02002.gff,Aspergillus,niger
aspnig15_s02004,SQL/data/fna/ships/mycodb/aspnig15_s02004.fa,SQL/data/gff/mycodb/aspnig15_s02004.gff,Aspergillus,niger
aspnig15_s02006,SQL/data/fna/ships/mycodb/aspnig15_s02006.fa,SQL/data/gff/mycodb/aspnig15_s02006.gff,Aspergillus,niger
aspnig3_s01936,SQL/data/fna/ships/mycodb/aspnig3_s01936.fa,SQL/data/gff/mycodb/aspnig3_s01936.gff,Aspergillus,niger
aspnig3_s01937,SQL/data/fna/ships/mycodb/aspnig3_s01937.fa,SQL/data/gff/mycodb/aspnig3_s01937.gff,Aspergillus,niger
aspnig4_s01942,SQL/data/fna/ships/mycodb/aspnig4_s01942.fa,SQL/data/gff/mycodb/aspnig4_s01942.gff,Aspergillus,niger
aspnig4_s01943,SQL/data/fna/ships/mycodb/aspnig4_s01943.fa,SQL/data/gff/mycodb/aspnig4_s01943.gff,Aspergillus,niger
aspnig4_s01945,SQL/data/fna/ships/mycodb/aspnig4_s01945.fa,SQL/data/gff/mycodb/aspnig4_s01945.gff,Aspergillus,niger
aspnig4_s01946,SQL/data/fna/ships/mycodb/aspnig4_s01946.fa,SQL/data/gff/mycodb/aspnig4_s01946.gff,Aspergillus,niger
aspnig4_s01947,SQL/data/fna/ships/mycodb/aspnig4_s01947.fa,SQL/data/gff/mycodb/aspnig4_s01947.gff,Aspergillus,niger
aspnig5_s01948,SQL/data/fna/ships/mycodb/aspnig5_s01948.fa,SQL/data/gff/mycodb/aspnig5_s01948.gff,Aspergillus,niger
aspnig5_s01949,SQL/data/fna/ships/mycodb/aspnig5_s01949.fa,SQL/data/gff/mycodb/aspnig5_s01949.gff,Aspergillus,niger
aspnig5_s01951,SQL/data/fna/ships/mycodb/aspnig5_s01951.fa,SQL/data/gff/mycodb/aspnig5_s01951.gff,Aspergillus,niger
aspnig6_s01954,SQL/data/fna/ships/mycodb/aspnig6_s01954.fa,SQL/data/gff/mycodb/aspnig6_s01954.gff,Aspergillus,niger
aspnig6_s01955,SQL/data/fna/ships/mycodb/aspnig6_s01955.fa,SQL/data/gff/mycodb/aspnig6_s01955.gff,Aspergillus,niger
aspnom1_s02016,SQL/data/fna/ships/mycodb/aspnom1_s02016.fa,SQL/data/gff/mycodb/aspnom1_s02016.gff,Aspergillus,nomius
aspnom1_s02020,SQL/data/fna/ships/mycodb/aspnom1_s02020.fa,SQL/data/gff/mycodb/aspnom1_s02020.gff,Aspergillus,nomius
aspnov1_s02038,SQL/data/fna/ships/mycodb/aspnov1_s02038.fa,SQL/data/gff/mycodb/aspnov1_s02038.gff,Aspergillus,novoparasiticus
aspnov2_s02058,SQL/data/fna/ships/mycodb/aspnov2_s02058.fa,SQL/data/gff/mycodb/aspnov2_s02058.gff,Aspergillus,novofumigatus
aspnov3_s02066,SQL/data/fna/ships/mycodb/aspnov3_s02066.fa,SQL/data/gff/mycodb/aspnov3_s02066.gff,Aspergillus,novofumigatus
aspnov4_s02072,SQL/data/fna/ships/mycodb/aspnov4_s02072.fa,SQL/data/gff/mycodb/aspnov4_s02072.gff,Aspergillus,novoparasiticus
aspoch5_s02105,SQL/data/fna/ships/mycodb/aspoch5_s02105.fa,SQL/data/gff/mycodb/aspoch5_s02105.gff,Aspergillus,ochraceus
aspoch5_s02106,SQL/data/fna/ships/mycodb/aspoch5_s02106.fa,SQL/data/gff/mycodb/aspoch5_s02106.gff,Aspergillus,ochraceus
aspoch5_s02109,SQL/data/fna/ships/mycodb/aspoch5_s02109.fa,SQL/data/gff/mycodb/aspoch5_s02109.gff,Aspergillus,ochraceus
aspoch6_s02111,SQL/data/fna/ships/mycodb/aspoch6_s02111.fa,SQL/data/gff/mycodb/aspoch6_s02111.gff,Aspergillus,ochraceus
aspoch6_s02113,SQL/data/fna/ships/mycodb/aspoch6_s02113.fa,SQL/data/gff/mycodb/aspoch6_s02113.gff,Aspergillus,ochraceus
aspory10_s02187,SQL/data/fna/ships/mycodb/aspory10_s02187.fa,SQL/data/gff/mycodb/aspory10_s02187.gff,Aspergillus,oryzae
aspory10_s02188,SQL/data/fna/ships/mycodb/aspory10_s02188.fa,SQL/data/gff/mycodb/aspory10_s02188.gff,Aspergillus,oryzae
aspory10_s02190,SQL/data/fna/ships/mycodb/aspory10_s02190.fa,SQL/data/gff/mycodb/aspory10_s02190.gff,Aspergillus,oryzae
aspory11_s02197,SQL/data/fna/ships/mycodb/aspory11_s02197.fa,SQL/data/gff/mycodb/aspory11_s02197.gff,Aspergillus,oryzae
aspory11_s02199,SQL/data/fna/ships/mycodb/aspory11_s02199.fa,SQL/data/gff/mycodb/aspory11_s02199.gff,Aspergillus,oryzae
aspory12_s02206,SQL/data/fna/ships/mycodb/aspory12_s02206.fa,SQL/data/gff/mycodb/aspory12_s02206.gff,Aspergillus,oryzae
aspory12_s02209,SQL/data/fna/ships/mycodb/aspory12_s02209.fa,SQL/data/gff/mycodb/aspory12_s02209.gff,Aspergillus,oryzae
aspory12_s02211,SQL/data/fna/ships/mycodb/aspory12_s02211.fa,SQL/data/gff/mycodb/aspory12_s02211.gff,Aspergillus,oryzae
aspory12_s02212,SQL/data/fna/ships/mycodb/aspory12_s02212.fa,SQL/data/gff/mycodb/aspory12_s02212.gff,Aspergillus,oryzae
aspory12_s02213,SQL/data/fna/ships/mycodb/aspory12_s02213.fa,SQL/data/gff/mycodb/aspory12_s02213.gff,Aspergillus,oryzae
aspory1_s02138,SQL/data/fna/ships/mycodb/aspory1_s02138.fa,SQL/data/gff/mycodb/aspory1_s02138.gff,Aspergillus,oryzae
aspory1_s02139,SQL/data/fna/ships/mycodb/aspory1_s02139.fa,SQL/data/gff/mycodb/aspory1_s02139.gff,Aspergillus,oryzae
aspory1_s02140,SQL/data/fna/ships/mycodb/aspory1_s02140.fa,SQL/data/gff/mycodb/aspory1_s02140.gff,Aspergillus,oryzae
aspory1_s02141,SQL/data/fna/ships/mycodb/aspory1_s02141.fa,SQL/data/gff/mycodb/aspory1_s02141.gff,Aspergillus,oryzae
aspory1_s02143,SQL/data/fna/ships/mycodb/aspory1_s02143.fa,SQL/data/gff/mycodb/aspory1_s02143.gff,Aspergillus,oryzae
aspory4_s02150,SQL/data/fna/ships/mycodb/aspory4_s02150.fa,SQL/data/gff/mycodb/aspory4_s02150.gff,Aspergillus,oryzae
aspory4_s02151,SQL/data/fna/ships/mycodb/aspory4_s02151.fa,SQL/data/gff/mycodb/aspory4_s02151.gff,Aspergillus,oryzae
aspory4_s02152,SQL/data/fna/ships/mycodb/aspory4_s02152.fa,SQL/data/gff/mycodb/aspory4_s02152.gff,Aspergillus,oryzae
aspory4_s02153,SQL/data/fna/ships/mycodb/aspory4_s02153.fa,SQL/data/gff/mycodb/aspory4_s02153.gff,Aspergillus,oryzae
aspory4_s02155,SQL/data/fna/ships/mycodb/aspory4_s02155.fa,SQL/data/gff/mycodb/aspory4_s02155.gff,Aspergillus,oryzae
aspory5_s02157,SQL/data/fna/ships/mycodb/aspory5_s02157.fa,SQL/data/gff/mycodb/aspory5_s02157.gff,Aspergillus,oryzae
aspory5_s02158,SQL/data/fna/ships/mycodb/aspory5_s02158.fa,SQL/data/gff/mycodb/aspory5_s02158.gff,Aspergillus,oryzae
aspory5_s02160,SQL/data/fna/ships/mycodb/aspory5_s02160.fa,SQL/data/gff/mycodb/aspory5_s02160.gff,Aspergillus,oryzae
aspory5_s02161,SQL/data/fna/ships/mycodb/aspory5_s02161.fa,SQL/data/gff/mycodb/aspory5_s02161.gff,Aspergillus,oryzae
aspory8_s02170,SQL/data/fna/ships/mycodb/aspory8_s02170.fa,SQL/data/gff/mycodb/aspory8_s02170.gff,Aspergillus,oryzae
aspory8_s02173,SQL/data/fna/ships/mycodb/aspory8_s02173.fa,SQL/data/gff/mycodb/aspory8_s02173.gff,Aspergillus,oryzae
aspory8_s02174,SQL/data/fna/ships/mycodb/aspory8_s02174.fa,SQL/data/gff/mycodb/aspory8_s02174.gff,Aspergillus,oryzae
aspory8_s02179,SQL/data/fna/ships/mycodb/aspory8_s02179.fa,SQL/data/gff/mycodb/aspory8_s02179.gff,Aspergillus,oryzae
aspory9_s02181,SQL/data/fna/ships/mycodb/aspory9_s02181.fa,SQL/data/gff/mycodb/aspory9_s02181.gff,Aspergillus,oryzae
aspory9_s02182,SQL/data/fna/ships/mycodb/aspory9_s02182.fa,SQL/data/gff/mycodb/aspory9_s02182.gff,Aspergillus,oryzae
aspory9_s02184,SQL/data/fna/ships/mycodb/aspory9_s02184.fa,SQL/data/gff/mycodb/aspory9_s02184.gff,Aspergillus,oryzae
asppar10_s02247,SQL/data/fna/ships/mycodb/asppar10_s02247.fa,SQL/data/gff/mycodb/asppar10_s02247.gff,Aspergillus,parasiticus
asppar12_s02255,SQL/data/fna/ships/mycodb/asppar12_s02255.fa,SQL/data/gff/mycodb/asppar12_s02255.gff,Aspergillus,parasiticus
asppar13_s02259,SQL/data/fna/ships/mycodb/asppar13_s02259.fa,SQL/data/gff/mycodb/asppar13_s02259.gff,Aspergillus,parasiticus
asppar4_s02220,SQL/data/fna/ships/mycodb/asppar4_s02220.fa,SQL/data/gff/mycodb/asppar4_s02220.gff,Aspergillus,parasiticus
asppar7_s02234,SQL/data/fna/ships/mycodb/asppar7_s02234.fa,SQL/data/gff/mycodb/asppar7_s02234.gff,Aspergillus,parasiticus
asppar8_s02236,SQL/data/fna/ships/mycodb/asppar8_s02236.fa,SQL/data/gff/mycodb/asppar8_s02236.gff,Aspergillus,parasiticus
asppar8_s02237,SQL/data/fna/ships/mycodb/asppar8_s02237.fa,SQL/data/gff/mycodb/asppar8_s02237.gff,Aspergillus,parasiticus
aspper1_s02287,SQL/data/fna/ships/mycodb/aspper1_s02287.fa,SQL/data/gff/mycodb/aspper1_s02287.gff,Aspergillus,persii
asppho1_s02290,SQL/data/fna/ships/mycodb/asppho1_s02290.fa,SQL/data/gff/mycodb/asppho1_s02290.gff,Aspergillus,phoenicis
asppho1_s02291,SQL/data/fna/ships/mycodb/asppho1_s02291.fa,SQL/data/gff/mycodb/asppho1_s02291.gff,Aspergillus,phoenicis
asppro1_s02300,SQL/data/fna/ships/mycodb/asppro1_s02300.fa,SQL/data/gff/mycodb/asppro1_s02300.gff,Aspergillus,protuberus
asppse10_s02359,SQL/data/fna/ships/mycodb/asppse10_s02359.fa,SQL/data/gff/mycodb/asppse10_s02359.gff,Aspergillus,pseudonomiae
asppse10_s02363,SQL/data/fna/ships/mycodb/asppse10_s02363.fa,SQL/data/gff/mycodb/asppse10_s02363.gff,Aspergillus,pseudonomiae
asppse11_s02373,SQL/data/fna/ships/mycodb/asppse11_s02373.fa,SQL/data/gff/mycodb/asppse11_s02373.gff,Aspergillus,pseudoterreus
asppse12_s02375,SQL/data/fna/ships/mycodb/asppse12_s02375.fa,SQL/data/gff/mycodb/asppse12_s02375.gff,Aspergillus,pseudoterreus
asppse6_s02319,SQL/data/fna/ships/mycodb/asppse6_s02319.fa,SQL/data/gff/mycodb/asppse6_s02319.gff,Aspergillus,pseudonomius
asppse9_s02350,SQL/data/fna/ships/mycodb/asppse9_s02350.fa,SQL/data/gff/mycodb/asppse9_s02350.gff,Aspergillus,pseudonomiae
asppuu1_s02398,SQL/data/fna/ships/mycodb/asppuu1_s02398.fa,SQL/data/gff/mycodb/asppuu1_s02398.gff,Aspergillus,puulaauensis
aspqua1_s02404,SQL/data/fna/ships/mycodb/aspqua1_s02404.fa,SQL/data/gff/mycodb/aspqua1_s02404.gff,Aspergillus,quadrilineatus
aspsoj1_s02499,SQL/data/fna/ships/mycodb/aspsoj1_s02499.fa,SQL/data/gff/mycodb/aspsoj1_s02499.gff,Aspergillus,sojae
aspsoj1_s02500,SQL/data/fna/ships/mycodb/aspsoj1_s02500.fa,SQL/data/gff/mycodb/aspsoj1_s02500.gff,Aspergillus,sojae
aspsoj2_s02513,SQL/data/fna/ships/mycodb/aspsoj2_s02513.fa,SQL/data/gff/mycodb/aspsoj2_s02513.gff,Aspergillus,sojae
aspsoj2_s02515,SQL/data/fna/ships/mycodb/aspsoj2_s02515.fa,SQL/data/gff/mycodb/aspsoj2_s02515.gff,Aspergillus,sojae
aspsoj2_s02516,SQL/data/fna/ships/mycodb/aspsoj2_s02516.fa,SQL/data/gff/mycodb/aspsoj2_s02516.gff,Aspergillus,sojae
aspsoj3_s02526,SQL/data/fna/ships/mycodb/aspsoj3_s02526.fa,SQL/data/gff/mycodb/aspsoj3_s02526.gff,Aspergillus,sojae
aspsoj3_s02527,SQL/data/fna/ships/mycodb/aspsoj3_s02527.fa,SQL/data/gff/mycodb/aspsoj3_s02527.gff,Aspergillus,sojae
aspsoj4_s02537,SQL/data/fna/ships/mycodb/aspsoj4_s02537.fa,SQL/data/gff/mycodb/aspsoj4_s02537.gff,Aspergillus,sojae
aspsoj5_s02547,SQL/data/fna/ships/mycodb/aspsoj5_s02547.fa,SQL/data/gff/mycodb/aspsoj5_s02547.gff,Aspergillus,sojae
aspspi1_s02560,SQL/data/fna/ships/mycodb/aspspi1_s02560.fa,SQL/data/gff/mycodb/aspspi1_s02560.gff,Aspergillus,spinulosporus
aspste3_s02578,SQL/data/fna/ships/mycodb/aspste3_s02578.fa,SQL/data/gff/mycodb/aspste3_s02578.gff,Aspergillus,steynii
aspste4_s02587,SQL/data/fna/ships/mycodb/aspste4_s02587.fa,SQL/data/gff/mycodb/aspste4_s02587.gff,Aspergillus,steynii
aspsyd1_s02595,SQL/data/fna/ships/mycodb/aspsyd1_s02595.fa,SQL/data/gff/mycodb/aspsyd1_s02595.gff,Aspergillus,sydowii
aspsyd2_s02602,SQL/data/fna/ships/mycodb/aspsyd2_s02602.fa,SQL/data/gff/mycodb/aspsyd2_s02602.gff,Aspergillus,sydowii
aspter4_s02722,SQL/data/fna/ships/mycodb/aspter4_s02722.fa,SQL/data/gff/mycodb/aspter4_s02722.gff,Aspergillus,terreus
aspter6_s02730,SQL/data/fna/ships/mycodb/aspter6_s02730.fa,SQL/data/gff/mycodb/aspter6_s02730.gff,Aspergillus,terreus
aspter6_s02731,SQL/data/fna/ships/mycodb/aspter6_s02731.fa,SQL/data/gff/mycodb/aspter6_s02731.gff,Aspergillus,terreus
aspter6_s02735,SQL/data/fna/ships/mycodb/aspter6_s02735.fa,SQL/data/gff/mycodb/aspter6_s02735.gff,Aspergillus,terreus
aspter7_s02740,SQL/data/fna/ships/mycodb/aspter7_s02740.fa,SQL/data/gff/mycodb/aspter7_s02740.gff,Aspergillus,terreus
aspter8_s02741,SQL/data/fna/ships/mycodb/aspter8_s02741.fa,SQL/data/gff/mycodb/aspter8_s02741.gff,Aspergillus,terreus
aspter8_s02746,SQL/data/fna/ships/mycodb/aspter8_s02746.fa,SQL/data/gff/mycodb/aspter8_s02746.gff,Aspergillus,terreus
aspter9_s02756,SQL/data/fna/ships/mycodb/aspter9_s02756.fa,SQL/data/gff/mycodb/aspter9_s02756.gff,Aspergillus,terreus
aspter9_s02761,SQL/data/fna/ships/mycodb/aspter9_s02761.fa,SQL/data/gff/mycodb/aspter9_s02761.gff,Aspergillus,terreus
asptra2_s02803,SQL/data/fna/ships/mycodb/asptra2_s02803.fa,SQL/data/gff/mycodb/asptra2_s02803.gff,Aspergillus,transmontanensis
asptra3_s02812,SQL/data/fna/ships/mycodb/asptra3_s02812.fa,SQL/data/gff/mycodb/asptra3_s02812.gff,Aspergillus,transmontanensis
asptub10_s02822,SQL/data/fna/ships/mycodb/asptub10_s02822.fa,SQL/data/gff/mycodb/asptub10_s02822.gff,Aspergillus,tubingensis
asptub6_s02821,SQL/data/fna/ships/mycodb/asptub6_s02821.fa,SQL/data/gff/mycodb/asptub6_s02821.gff,Aspergillus,tubingensis
aspuda1_s02833,SQL/data/fna/ships/mycodb/aspuda1_s02833.fa,SQL/data/gff/mycodb/aspuda1_s02833.gff,Aspergillus,udagawae
aspuda2_s02838,SQL/data/fna/ships/mycodb/aspuda2_s02838.fa,SQL/data/gff/mycodb/aspuda2_s02838.gff,Aspergillus,udagawae
aspuda2_s02839,SQL/data/fna/ships/mycodb/aspuda2_s02839.fa,SQL/data/gff/mycodb/aspuda2_s02839.gff,Aspergillus,udagawae
aspuda5_s02858,SQL/data/fna/ships/mycodb/aspuda5_s02858.fa,SQL/data/gff/mycodb/aspuda5_s02858.gff,Aspergillus,udagawae
aspuda5_s02860,SQL/data/fna/ships/mycodb/aspuda5_s02860.fa,SQL/data/gff/mycodb/aspuda5_s02860.gff,Aspergillus,udagawae
aspung2_s02899,SQL/data/fna/ships/mycodb/aspung2_s02899.fa,SQL/data/gff/mycodb/aspung2_s02899.gff,Aspergillus,unguis
aspung2_s02900,SQL/data/fna/ships/mycodb/aspung2_s02900.fa,SQL/data/gff/mycodb/aspung2_s02900.gff,Aspergillus,unguis
aspung2_s02902,SQL/data/fna/ships/mycodb/aspung2_s02902.fa,SQL/data/gff/mycodb/aspung2_s02902.gff,Aspergillus,unguis
aspung3_s02905,SQL/data/fna/ships/mycodb/aspung3_s02905.fa,SQL/data/gff/mycodb/aspung3_s02905.gff,Aspergillus,unguis
aspung3_s02907,SQL/data/fna/ships/mycodb/aspung3_s02907.fa,SQL/data/gff/mycodb/aspung3_s02907.gff,Aspergillus,unguis
aspung3_s02909,SQL/data/fna/ships/mycodb/aspung3_s02909.fa,SQL/data/gff/mycodb/aspung3_s02909.gff,Aspergillus,unguis
aspung4_s02912,SQL/data/fna/ships/mycodb/aspung4_s02912.fa,SQL/data/gff/mycodb/aspung4_s02912.gff,Aspergillus,unguis
aspung4_s02914,SQL/data/fna/ships/mycodb/aspung4_s02914.fa,SQL/data/gff/mycodb/aspung4_s02914.gff,Aspergillus,unguis
aspung4_s02917,SQL/data/fna/ships/mycodb/aspung4_s02917.fa,SQL/data/gff/mycodb/aspung4_s02917.gff,Aspergillus,unguis
aspwel1_s02978,SQL/data/fna/ships/mycodb/aspwel1_s02978.fa,SQL/data/gff/mycodb/aspwel1_s02978.gff,Aspergillus,welwitschiae
aspwel1_s02979,SQL/data/fna/ships/mycodb/aspwel1_s02979.fa,SQL/data/gff/mycodb/aspwel1_s02979.gff,Aspergillus,welwitschiae
aspwel2_s02990,SQL/data/fna/ships/mycodb/aspwel2_s02990.fa,SQL/data/gff/mycodb/aspwel2_s02990.gff,Aspergillus,welwitschiae
aspwel2_s02991,SQL/data/fna/ships/mycodb/aspwel2_s02991.fa,SQL/data/gff/mycodb/aspwel2_s02991.gff,Aspergillus,welwitschiae
aspwel3_s02999,SQL/data/fna/ships/mycodb/aspwel3_s02999.fa,SQL/data/gff/mycodb/aspwel3_s02999.gff,Aspergillus,welwitschiae
aspwel3_s03000,SQL/data/fna/ships/mycodb/aspwel3_s03000.fa,SQL/data/gff/mycodb/aspwel3_s03000.gff,Aspergillus,welwitschiae
aspwes1_s03031,SQL/data/fna/ships/mycodb/aspwes1_s03031.fa,SQL/data/gff/mycodb/aspwes1_s03031.gff,Aspergillus,westerdijkiae
bipsor1_s03178,SQL/data/fna/ships/mycodb/bipsor1_s03178.fa,SQL/data/gff/mycodb/bipsor1_s03178.gff,Bipolaris,sorokiniana
blader2_s03200,SQL/data/fna/ships/mycodb/blader2_s03200.fa,SQL/data/gff/mycodb/blader2_s03200.gff,Blastomyces,dermatitidis
blader2_s03212,SQL/data/fna/ships/mycodb/blader2_s03212.fa,SQL/data/gff/mycodb/blader2_s03212.gff,Blastomyces,dermatitidis
blader5_s03274,SQL/data/fna/ships/mycodb/blader5_s03274.fa,SQL/data/gff/mycodb/blader5_s03274.gff,Blastomyces,dermatitidis
blader5_s03279,SQL/data/fna/ships/mycodb/blader5_s03279.fa,SQL/data/gff/mycodb/blader5_s03279.gff,Blastomyces,dermatitidis
blagil1_s03291,SQL/data/fna/ships/mycodb/blagil1_s03291.fa,SQL/data/gff/mycodb/blagil1_s03291.gff,Blastomyces,gilchristii
blagil1_s03303,SQL/data/fna/ships/mycodb/blagil1_s03303.fa,SQL/data/gff/mycodb/blagil1_s03303.gff,Blastomyces,gilchristii
botdew1_s03436,SQL/data/fna/ships/mycodb/botdew1_s03436.fa,SQL/data/gff/mycodb/botdew1_s03436.gff,Botrytis,deweyae
botsin1_s03468,SQL/data/fna/ships/mycodb/botsin1_s03468.fa,SQL/data/gff/mycodb/botsin1_s03468.gff,Botrytis,sinoallii
chaglo1_s03747,SQL/data/fna/ships/mycodb/chaglo1_s03747.fa,SQL/data/gff/mycodb/chaglo1_s03747.gff,Chaetomium,globosum
cocimm1_s03874,SQL/data/fna/ships/mycodb/cocimm1_s03874.fa,SQL/data/gff/mycodb/cocimm1_s03874.gff,Coccidioides,immitis
cocimm1_s03876,SQL/data/fna/ships/mycodb/cocimm1_s03876.fa,SQL/data/gff/mycodb/cocimm1_s03876.gff,Coccidioides,immitis
cocimm1_s03881,SQL/data/fna/ships/mycodb/cocimm1_s03881.fa,SQL/data/gff/mycodb/cocimm1_s03881.gff,Coccidioides,immitis
cocimm1_s03882,SQL/data/fna/ships/mycodb/cocimm1_s03882.fa,SQL/data/gff/mycodb/cocimm1_s03882.gff,Coccidioides,immitis
cocimm1_s03883,SQL/data/fna/ships/mycodb/cocimm1_s03883.fa,SQL/data/gff/mycodb/cocimm1_s03883.gff,Coccidioides,immitis
cocimm1_s03886,SQL/data/fna/ships/mycodb/cocimm1_s03886.fa,SQL/data/gff/mycodb/cocimm1_s03886.gff,Coccidioides,immitis
cocimm3_s03905,SQL/data/fna/ships/mycodb/cocimm3_s03905.fa,SQL/data/gff/mycodb/cocimm3_s03905.gff,Coccidioides,immitis
cocimm4_s03920,SQL/data/fna/ships/mycodb/cocimm4_s03920.fa,SQL/data/gff/mycodb/cocimm4_s03920.gff,Coccidioides,immitis
cocimm4_s03923,SQL/data/fna/ships/mycodb/cocimm4_s03923.fa,SQL/data/gff/mycodb/cocimm4_s03923.gff,Coccidioides,immitis
cocimm4_s03932,SQL/data/fna/ships/mycodb/cocimm4_s03932.fa,SQL/data/gff/mycodb/cocimm4_s03932.gff,Coccidioides,immitis
cocpos5_s03995,SQL/data/fna/ships/mycodb/cocpos5_s03995.fa,SQL/data/gff/mycodb/cocpos5_s03995.gff,Coccidioides,posadasii
cocpos5_s03996,SQL/data/fna/ships/mycodb/cocpos5_s03996.fa,SQL/data/gff/mycodb/cocpos5_s03996.gff,Coccidioides,posadasii
colaen1_s04027,SQL/data/fna/ships/mycodb/colaen1_s04027.fa,SQL/data/gff/mycodb/colaen1_s04027.gff,Colletotrichum,aenigma
colaen1_s04030,SQL/data/fna/ships/mycodb/colaen1_s04030.fa,SQL/data/gff/mycodb/colaen1_s04030.gff,Colletotrichum,aenigma
colaen1_s04031,SQL/data/fna/ships/mycodb/colaen1_s04031.fa,SQL/data/gff/mycodb/colaen1_s04031.gff,Colletotrichum,aenigma
colasi1_s04032,SQL/data/fna/ships/mycodb/colasi1_s04032.fa,SQL/data/gff/mycodb/colasi1_s04032.gff,Colletotrichum,asianum
colfru1_s04050,SQL/data/fna/ships/mycodb/colfru1_s04050.fa,SQL/data/gff/mycodb/colfru1_s04050.gff,Colletotrichum,fructicola
colfru1_s04051,SQL/data/fna/ships/mycodb/colfru1_s04051.fa,SQL/data/gff/mycodb/colfru1_s04051.gff,Colletotrichum,fructicola
colfru2_s04058,SQL/data/fna/ships/mycodb/colfru2_s04058.fa,SQL/data/gff/mycodb/colfru2_s04058.gff,Colletotrichum,fructicola
colfru3_s04066,SQL/data/fna/ships/mycodb/colfru3_s04066.fa,SQL/data/gff/mycodb/colfru3_s04066.gff,Colletotrichum,fructicola
colfru4_s04067,SQL/data/fna/ships/mycodb/colfru4_s04067.fa,SQL/data/gff/mycodb/colfru4_s04067.gff,Colletotrichum,fructicola
colfru4_s04071,SQL/data/fna/ships/mycodb/colfru4_s04071.fa,SQL/data/gff/mycodb/colfru4_s04071.gff,Colletotrichum,fructicola
colfru6_s04079,SQL/data/fna/ships/mycodb/colfru6_s04079.fa,SQL/data/gff/mycodb/colfru6_s04079.gff,Colletotrichum,fructicola
colfru7_s04082,SQL/data/fna/ships/mycodb/colfru7_s04082.fa,SQL/data/gff/mycodb/colfru7_s04082.gff,Colletotrichum,fructicola
colsco1_s04130,SQL/data/fna/ships/mycodb/colsco1_s04130.fa,SQL/data/gff/mycodb/colsco1_s04130.gff,Colletotrichum,scovillei
colsid1_s04136,SQL/data/fna/ships/mycodb/colsid1_s04136.fa,SQL/data/gff/mycodb/colsid1_s04136.gff,Colletotrichum,sidae
endpus1_s04768,SQL/data/fna/ships/mycodb/endpus1_s04768.fa,SQL/data/gff/mycodb/endpus1_s04768.gff,Endocarpon,pusillum
fonmon1_s04879,SQL/data/fna/ships/mycodb/fonmon1_s04879.fa,SQL/data/gff/mycodb/fonmon1_s04879.gff,Fonsecaea,monophora
fonnub1_s04880,SQL/data/fna/ships/mycodb/fonnub1_s04880.fa,SQL/data/gff/mycodb/fonnub1_s04880.gff,Fonsecaea,nubica
fonped1_s04882,SQL/data/fna/ships/mycodb/fonped1_s04882.fa,SQL/data/gff/mycodb/fonped1_s04882.gff,Fonsecaea,pedrosoi
fusaet1_s04918,SQL/data/fna/ships/mycodb/fusaet1_s04918.fa,SQL/data/gff/mycodb/fusaet1_s04918.gff,Fusarium,aethiopicum
fusasi2_s04970,SQL/data/fna/ships/mycodb/fusasi2_s04970.fa,SQL/data/gff/mycodb/fusasi2_s04970.gff,Fusarium,asiaticum
fusasi3_s04973,SQL/data/fna/ships/mycodb/fusasi3_s04973.fa,SQL/data/gff/mycodb/fusasi3_s04973.gff,Fusarium,asiaticum
fusasi4_s04977,SQL/data/fna/ships/mycodb/fusasi4_s04977.fa,SQL/data/gff/mycodb/fusasi4_s04977.gff,Fusarium,asiaticum
fusasi4_s04979,SQL/data/fna/ships/mycodb/fusasi4_s04979.fa,SQL/data/gff/mycodb/fusasi4_s04979.gff,Fusarium,asiaticum
fuscir7_s05095,SQL/data/fna/ships/mycodb/fuscir7_s05095.fa,SQL/data/gff/mycodb/fuscir7_s05095.gff,Fusarium,circinatum
fuscir9_s05100,SQL/data/fna/ships/mycodb/fuscir9_s05100.fa,SQL/data/gff/mycodb/fuscir9_s05100.gff,Fusarium,circinatum
fuscit1_s05101,SQL/data/fna/ships/mycodb/fuscit1_s05101.fa,SQL/data/gff/mycodb/fuscit1_s05101.gff,Fusarium,citri
fuscom1_s05119,SQL/data/fna/ships/mycodb/fuscom1_s05119.fa,SQL/data/gff/mycodb/fuscom1_s05119.gff,Fusarium,commune
fuscom1_s05121,SQL/data/fna/ships/mycodb/fuscom1_s05121.fa,SQL/data/gff/mycodb/fuscom1_s05121.gff,Fusarium,commune
fuscul1_s05160,SQL/data/fna/ships/mycodb/fuscul1_s05160.fa,SQL/data/gff/mycodb/fuscul1_s05160.gff,Fusarium,culmorum
fuscul1_s05161,SQL/data/fna/ships/mycodb/fuscul1_s05161.fa,SQL/data/gff/mycodb/fuscul1_s05161.gff,Fusarium,culmorum
fuscul2_s05164,SQL/data/fna/ships/mycodb/fuscul2_s05164.fa,SQL/data/gff/mycodb/fuscul2_s05164.gff,Fusarium,culmorum
fuscul2_s05166,SQL/data/fna/ships/mycodb/fuscul2_s05166.fa,SQL/data/gff/mycodb/fuscul2_s05166.gff,Fusarium,culmorum
fuscul4_s05171,SQL/data/fna/ships/mycodb/fuscul4_s05171.fa,SQL/data/gff/mycodb/fuscul4_s05171.gff,Fusarium,culmorum
fuscul4_s05172,SQL/data/fna/ships/mycodb/fuscul4_s05172.fa,SQL/data/gff/mycodb/fuscul4_s05172.gff,Fusarium,culmorum
fuscul5_s05173,SQL/data/fna/ships/mycodb/fuscul5_s05173.fa,SQL/data/gff/mycodb/fuscul5_s05173.gff,Fusarium,culmorum
fuscul6_s05176,SQL/data/fna/ships/mycodb/fuscul6_s05176.fa,SQL/data/gff/mycodb/fuscul6_s05176.gff,Fusarium,culmorum
fuscul6_s05177,SQL/data/fna/ships/mycodb/fuscul6_s05177.fa,SQL/data/gff/mycodb/fuscul6_s05177.gff,Fusarium,culmorum
fusequ2_s05203,SQL/data/fna/ships/mycodb/fusequ2_s05203.fa,SQL/data/gff/mycodb/fusequ2_s05203.gff,Fusarium,equiseti
fuseuw2_s05245,SQL/data/fna/ships/mycodb/fuseuw2_s05245.fa,SQL/data/gff/mycodb/fuseuw2_s05245.gff,Fusarium,euwallaceae
fusfla3_s05258,SQL/data/fna/ships/mycodb/fusfla3_s05258.fa,SQL/data/gff/mycodb/fusfla3_s05258.gff,Fusarium,flagelliforme
fusfuj10_s05301,SQL/data/fna/ships/mycodb/fusfuj10_s05301.fa,SQL/data/gff/mycodb/fusfuj10_s05301.gff,Fusarium,fujikuroi
fusfuj10_s05302,SQL/data/fna/ships/mycodb/fusfuj10_s05302.fa,SQL/data/gff/mycodb/fusfuj10_s05302.gff,Fusarium,fujikuroi
fusfuj2_s05282,SQL/data/fna/ships/mycodb/fusfuj2_s05282.fa,SQL/data/gff/mycodb/fusfuj2_s05282.gff,Fusarium,fujikuroi
fusfuj5_s05292,SQL/data/fna/ships/mycodb/fusfuj5_s05292.fa,SQL/data/gff/mycodb/fusfuj5_s05292.gff,Fusarium,fujikuroi
fusfuj5_s05294,SQL/data/fna/ships/mycodb/fusfuj5_s05294.fa,SQL/data/gff/mycodb/fusfuj5_s05294.gff,Fusarium,fujikuroi
fusfus16_s05392,SQL/data/fna/ships/mycodb/fusfus16_s05392.fa,SQL/data/gff/mycodb/fusfus16_s05392.gff,Fusarium,cf.
fusfus25_s05431,SQL/data/fna/ships/mycodb/fusfus25_s05431.fa,SQL/data/gff/mycodb/fusfus25_s05431.gff,Fusarium,cf.
fusfus32_s05494,SQL/data/fna/ships/mycodb/fusfus32_s05494.fa,SQL/data/gff/mycodb/fusfus32_s05494.gff,Fusarium,cf.
fusfus52_s05590,SQL/data/fna/ships/mycodb/fusfus52_s05590.fa,SQL/data/gff/mycodb/fusfus52_s05590.gff,Fusarium,sp.
fusfus52_s05591,SQL/data/fna/ships/mycodb/fusfus52_s05591.fa,SQL/data/gff/mycodb/fusfus52_s05591.gff,Fusarium,sp.
fusfus53_s05594,SQL/data/fna/ships/mycodb/fusfus53_s05594.fa,SQL/data/gff/mycodb/fusfus53_s05594.gff,Fusarium,sp.'flavolapis'
fusfus57_s05611,SQL/data/fna/ships/mycodb/fusfus57_s05611.fa,SQL/data/gff/mycodb/fusfus57_s05611.gff,Fusarium,sp.
fusfus59_s05616,SQL/data/fna/ships/mycodb/fusfus59_s05616.fa,SQL/data/gff/mycodb/fusfus59_s05616.gff,Fusarium,sp.
fusfus9_s05344,SQL/data/fna/ships/mycodb/fusfus9_s05344.fa,SQL/data/gff/mycodb/fusfus9_s05344.gff,Fusarium,cf.
fushos1_s05664,SQL/data/fna/ships/mycodb/fushos1_s05664.fa,SQL/data/gff/mycodb/fushos1_s05664.gff,Fusarium,hostae
fushos2_s05690,SQL/data/fna/ships/mycodb/fushos2_s05690.fa,SQL/data/gff/mycodb/fushos2_s05690.gff,Fusarium,hostae
fusman1_s05750,SQL/data/fna/ships/mycodb/fusman1_s05750.fa,SQL/data/gff/mycodb/fusman1_s05750.gff,Fusarium,mangiferae
fusman3_s05775,SQL/data/fna/ships/mycodb/fusman3_s05775.fa,SQL/data/gff/mycodb/fusman3_s05775.gff,Fusarium,mangiferae
fusmus1_s05805,SQL/data/fna/ships/mycodb/fusmus1_s05805.fa,SQL/data/gff/mycodb/fusmus1_s05805.gff,Fusarium,musae
fusnan1_s05806,SQL/data/fna/ships/mycodb/fusnan1_s05806.fa,SQL/data/gff/mycodb/fusnan1_s05806.gff,Fusarium,nanum
fusnyg2_s05865,SQL/data/fna/ships/mycodb/fusnyg2_s05865.fa,SQL/data/gff/mycodb/fusnyg2_s05865.gff,Fusarium,nygamai
fusoxy21_s05919,SQL/data/fna/ships/mycodb/fusoxy21_s05919.fa,SQL/data/gff/mycodb/fusoxy21_s05919.gff,Fusarium,oxysporum
fusoxy21_s05920,SQL/data/fna/ships/mycodb/fusoxy21_s05920.fa,SQL/data/gff/mycodb/fusoxy21_s05920.gff,Fusarium,oxysporum
fusoxy22_s05925,SQL/data/fna/ships/mycodb/fusoxy22_s05925.fa,SQL/data/gff/mycodb/fusoxy22_s05925.gff,Fusarium,oxysporum
fusoxy23_s05928,SQL/data/fna/ships/mycodb/fusoxy23_s05928.fa,SQL/data/gff/mycodb/fusoxy23_s05928.gff,Fusarium,oxysporum
fusoxy28_s05961,SQL/data/fna/ships/mycodb/fusoxy28_s05961.fa,SQL/data/gff/mycodb/fusoxy28_s05961.gff,Fusarium,oxysporum
fusoxy29_s05967,SQL/data/fna/ships/mycodb/fusoxy29_s05967.fa,SQL/data/gff/mycodb/fusoxy29_s05967.gff,Fusarium,oxysporum
fusoxy29_s05970,SQL/data/fna/ships/mycodb/fusoxy29_s05970.fa,SQL/data/gff/mycodb/fusoxy29_s05970.gff,Fusarium,oxysporum
fusoxy2_s05890,SQL/data/fna/ships/mycodb/fusoxy2_s05890.fa,SQL/data/gff/mycodb/fusoxy2_s05890.gff,Fusarium,oxysporum
fusoxy2_s05892,SQL/data/fna/ships/mycodb/fusoxy2_s05892.fa,SQL/data/gff/mycodb/fusoxy2_s05892.gff,Fusarium,oxysporum
fusoxy30_s05975,SQL/data/fna/ships/mycodb/fusoxy30_s05975.fa,SQL/data/gff/mycodb/fusoxy30_s05975.gff,Fusarium,oxysporum
fusoxy32_s05986,SQL/data/fna/ships/mycodb/fusoxy32_s05986.fa,SQL/data/gff/mycodb/fusoxy32_s05986.gff,Fusarium,oxysporum
fusoxy32_s05988,SQL/data/fna/ships/mycodb/fusoxy32_s05988.fa,SQL/data/gff/mycodb/fusoxy32_s05988.gff,Fusarium,oxysporum
fusoxy38_s06017,SQL/data/fna/ships/mycodb/fusoxy38_s06017.fa,SQL/data/gff/mycodb/fusoxy38_s06017.gff,Fusarium,oxysporum
fusoxy3_s05893,SQL/data/fna/ships/mycodb/fusoxy3_s05893.fa,SQL/data/gff/mycodb/fusoxy3_s05893.gff,Fusarium,oxysporum
fusoxy40_s06019,SQL/data/fna/ships/mycodb/fusoxy40_s06019.fa,SQL/data/gff/mycodb/fusoxy40_s06019.gff,Fusarium,oxysporum
fusoxy43_s06035,SQL/data/fna/ships/mycodb/fusoxy43_s06035.fa,SQL/data/gff/mycodb/fusoxy43_s06035.gff,Fusarium,oxysporum
fusoxy43_s06042,SQL/data/fna/ships/mycodb/fusoxy43_s06042.fa,SQL/data/gff/mycodb/fusoxy43_s06042.gff,Fusarium,oxysporum
fusoxy43_s06043,SQL/data/fna/ships/mycodb/fusoxy43_s06043.fa,SQL/data/gff/mycodb/fusoxy43_s06043.gff,Fusarium,oxysporum
fusoxy45_s06060,SQL/data/fna/ships/mycodb/fusoxy45_s06060.fa,SQL/data/gff/mycodb/fusoxy45_s06060.gff,Fusarium,oxysporum
fusoxy45_s06061,SQL/data/fna/ships/mycodb/fusoxy45_s06061.fa,SQL/data/gff/mycodb/fusoxy45_s06061.gff,Fusarium,oxysporum
fusoxy46_s06066,SQL/data/fna/ships/mycodb/fusoxy46_s06066.fa,SQL/data/gff/mycodb/fusoxy46_s06066.gff,Fusarium,oxysporum
fusoxy46_s06068,SQL/data/fna/ships/mycodb/fusoxy46_s06068.fa,SQL/data/gff/mycodb/fusoxy46_s06068.gff,Fusarium,oxysporum
fusoxy52_s06102,SQL/data/fna/ships/mycodb/fusoxy52_s06102.fa,SQL/data/gff/mycodb/fusoxy52_s06102.gff,Fusarium,oxysporum
fusoxy53_s06108,SQL/data/fna/ships/mycodb/fusoxy53_s06108.fa,SQL/data/gff/mycodb/fusoxy53_s06108.gff,Fusarium,oxysporum
fusoxy54_s06111,SQL/data/fna/ships/mycodb/fusoxy54_s06111.fa,SQL/data/gff/mycodb/fusoxy54_s06111.gff,Fusarium,oxysporum
fusoxy57_s06126,SQL/data/fna/ships/mycodb/fusoxy57_s06126.fa,SQL/data/gff/mycodb/fusoxy57_s06126.gff,Fusarium,oxysporum
fusoxy58_s06132,SQL/data/fna/ships/mycodb/fusoxy58_s06132.fa,SQL/data/gff/mycodb/fusoxy58_s06132.gff,Fusarium,oxysporum
fuspil1_s06163,SQL/data/fna/ships/mycodb/fuspil1_s06163.fa,SQL/data/gff/mycodb/fuspil1_s06163.gff,Fusarium,pilosicola
fuspil1_s06164,SQL/data/fna/ships/mycodb/fuspil1_s06164.fa,SQL/data/gff/mycodb/fuspil1_s06164.gff,Fusarium,pilosicola
fuspro3_s06186,SQL/data/fna/ships/mycodb/fuspro3_s06186.fa,SQL/data/gff/mycodb/fuspro3_s06186.gff,Fusarium,proliferatum
fuspro3_s06188,SQL/data/fna/ships/mycodb/fuspro3_s06188.fa,SQL/data/gff/mycodb/fuspro3_s06188.gff,Fusarium,proliferatum
fuspse7_s06223,SQL/data/fna/ships/mycodb/fuspse7_s06223.fa,SQL/data/gff/mycodb/fuspse7_s06223.gff,Fusarium,pseudograminearum
fuspse7_s06224,SQL/data/fna/ships/mycodb/fuspse7_s06224.fa,SQL/data/gff/mycodb/fuspse7_s06224.gff,Fusarium,pseudograminearum
fusred1_s06245,SQL/data/fna/ships/mycodb/fusred1_s06245.fa,SQL/data/gff/mycodb/fusred1_s06245.gff,Fusarium,redolens
fusred3_s06252,SQL/data/fna/ships/mycodb/fusred3_s06252.fa,SQL/data/gff/mycodb/fusred3_s06252.gff,Fusarium,redolens
fusred3_s06256,SQL/data/fna/ships/mycodb/fusred3_s06256.fa,SQL/data/gff/mycodb/fusred3_s06256.gff,Fusarium,redolens
fusred5_s06275,SQL/data/fna/ships/mycodb/fusred5_s06275.fa,SQL/data/gff/mycodb/fusred5_s06275.gff,Fusarium,redolens
fussci1_s06284,SQL/data/fna/ships/mycodb/fussci1_s06284.fa,SQL/data/gff/mycodb/fussci1_s06284.gff,Fusarium,scirpi
fussol1_s06317,SQL/data/fna/ships/mycodb/fussol1_s06317.fa,SQL/data/gff/mycodb/fussol1_s06317.gff,Fusarium,solani
fussol2_s06321,SQL/data/fna/ships/mycodb/fussol2_s06321.fa,SQL/data/gff/mycodb/fussol2_s06321.gff,Fusarium,solani
fussol4_s06327,SQL/data/fna/ships/mycodb/fussol4_s06327.fa,SQL/data/gff/mycodb/fussol4_s06327.gff,Fusarium,solani
fussol4_s06329,SQL/data/fna/ships/mycodb/fussol4_s06329.fa,SQL/data/gff/mycodb/fussol4_s06329.gff,Fusarium,solani
fussol5_s06332,SQL/data/fna/ships/mycodb/fussol5_s06332.fa,SQL/data/gff/mycodb/fussol5_s06332.gff,Fusarium,solani
fussp.11_s06395,SQL/data/fna/ships/mycodb/fussp.11_s06395.fa,SQL/data/gff/mycodb/fussp.11_s06395.gff,Fusarium,sp.
fussp.11_s06397,SQL/data/fna/ships/mycodb/fussp.11_s06397.fa,SQL/data/gff/mycodb/fussp.11_s06397.gff,Fusarium,sp.
fussp.2_s06338,SQL/data/fna/ships/mycodb/fussp.2_s06338.fa,SQL/data/gff/mycodb/fussp.2_s06338.gff,Fusarium,sp.
fusspo3_s06336,SQL/data/fna/ships/mycodb/fusspo3_s06336.fa,SQL/data/gff/mycodb/fusspo3_s06336.gff,Fusarium,sporotrichioides
fussuc1_s06424,SQL/data/fna/ships/mycodb/fussuc1_s06424.fa,SQL/data/gff/mycodb/fussuc1_s06424.gff,Fusarium,succisae
fustem4_s06438,SQL/data/fna/ships/mycodb/fustem4_s06438.fa,SQL/data/gff/mycodb/fustem4_s06438.gff,Fusarium,temperatum
fusudu1_s06516,SQL/data/fna/ships/mycodb/fusudu1_s06516.fa,SQL/data/gff/mycodb/fusudu1_s06516.gff,Fusarium,udum
fususs2_s06540,SQL/data/fna/ships/mycodb/fususs2_s06540.fa,SQL/data/gff/mycodb/fususs2_s06540.gff,Fusarium,ussurianum
fusver1_s06569,SQL/data/fna/ships/mycodb/fusver1_s06569.fa,SQL/data/gff/mycodb/fusver1_s06569.gff,Fusarium,verticillioides
fusver2_s06570,SQL/data/fna/ships/mycodb/fusver2_s06570.fa,SQL/data/gff/mycodb/fusver2_s06570.gff,Fusarium,verticillioides
fusvir6_s06629,SQL/data/fna/ships/mycodb/fusvir6_s06629.fa,SQL/data/gff/mycodb/fusvir6_s06629.gff,Fusarium,virguliforme
fusvir6_s06631,SQL/data/fna/ships/mycodb/fusvir6_s06631.fa,SQL/data/gff/mycodb/fusvir6_s06631.gff,Fusarium,virguliforme
fusvir6_s06633,SQL/data/fna/ships/mycodb/fusvir6_s06633.fa,SQL/data/gff/mycodb/fusvir6_s06633.gff,Fusarium,virguliforme
fusvir7_s06637,SQL/data/fna/ships/mycodb/fusvir7_s06637.fa,SQL/data/gff/mycodb/fusvir7_s06637.gff,Fusarium,virguliforme
fusvir7_s06641,SQL/data/fna/ships/mycodb/fusvir7_s06641.fa,SQL/data/gff/mycodb/fusvir7_s06641.gff,Fusarium,virguliforme
fusvir7_s06642,SQL/data/fna/ships/mycodb/fusvir7_s06642.fa,SQL/data/gff/mycodb/fusvir7_s06642.gff,Fusarium,virguliforme
fusvir8_s06648,SQL/data/fna/ships/mycodb/fusvir8_s06648.fa,SQL/data/gff/mycodb/fusvir8_s06648.gff,Fusarium,virguliforme
fusvir9_s06650,SQL/data/fna/ships/mycodb/fusvir9_s06650.fa,SQL/data/gff/mycodb/fusvir9_s06650.gff,Fusarium,virguliforme
fusvir9_s06652,SQL/data/fna/ships/mycodb/fusvir9_s06652.fa,SQL/data/gff/mycodb/fusvir9_s06652.gff,Fusarium,virguliforme
fusvir9_s06654,SQL/data/fna/ships/mycodb/fusvir9_s06654.fa,SQL/data/gff/mycodb/fusvir9_s06654.gff,Fusarium,virguliforme
fusvor1_s06658,SQL/data/fna/ships/mycodb/fusvor1_s06658.fa,SQL/data/gff/mycodb/fusvor1_s06658.gff,Fusarium,vorosii
fusvor2_s06663,SQL/data/fna/ships/mycodb/fusvor2_s06663.fa,SQL/data/gff/mycodb/fusvor2_s06663.gff,Fusarium,vorosii
fusxyl3_s06685,SQL/data/fna/ships/mycodb/fusxyl3_s06685.fa,SQL/data/gff/mycodb/fusxyl3_s06685.gff,Fusarium,xylarioides
fusxyl6_s06715,SQL/data/fna/ships/mycodb/fusxyl6_s06715.fa,SQL/data/gff/mycodb/fusxyl6_s06715.gff,Fusarium,xylarioides
hiscap1_s07002,SQL/data/fna/ships/mycodb/hiscap1_s07002.fa,SQL/data/gff/mycodb/hiscap1_s07002.gff,Histoplasma,capsulatum
hiscap1_s07003,SQL/data/fna/ships/mycodb/hiscap1_s07003.fa,SQL/data/gff/mycodb/hiscap1_s07003.gff,Histoplasma,capsulatum
hiscap1_s07005,SQL/data/fna/ships/mycodb/hiscap1_s07005.fa,SQL/data/gff/mycodb/hiscap1_s07005.gff,Histoplasma,capsulatum
hiscap1_s07007,SQL/data/fna/ships/mycodb/hiscap1_s07007.fa,SQL/data/gff/mycodb/hiscap1_s07007.gff,Histoplasma,capsulatum
hiscap1_s07008,SQL/data/fna/ships/mycodb/hiscap1_s07008.fa,SQL/data/gff/mycodb/hiscap1_s07008.gff,Histoplasma,capsulatum
hiscap1_s07009,SQL/data/fna/ships/mycodb/hiscap1_s07009.fa,SQL/data/gff/mycodb/hiscap1_s07009.gff,Histoplasma,capsulatum
hiscap1_s07010,SQL/data/fna/ships/mycodb/hiscap1_s07010.fa,SQL/data/gff/mycodb/hiscap1_s07010.gff,Histoplasma,capsulatum
hiscap1_s07012,SQL/data/fna/ships/mycodb/hiscap1_s07012.fa,SQL/data/gff/mycodb/hiscap1_s07012.gff,Histoplasma,capsulatum
hiscap1_s07013,SQL/data/fna/ships/mycodb/hiscap1_s07013.fa,SQL/data/gff/mycodb/hiscap1_s07013.gff,Histoplasma,capsulatum
hiscap1_s07014,SQL/data/fna/ships/mycodb/hiscap1_s07014.fa,SQL/data/gff/mycodb/hiscap1_s07014.gff,Histoplasma,capsulatum
hiscap1_s07023,SQL/data/fna/ships/mycodb/hiscap1_s07023.fa,SQL/data/gff/mycodb/hiscap1_s07023.gff,Histoplasma,capsulatum
hiscap1_s07025,SQL/data/fna/ships/mycodb/hiscap1_s07025.fa,SQL/data/gff/mycodb/hiscap1_s07025.gff,Histoplasma,capsulatum
hiscap1_s07029,SQL/data/fna/ships/mycodb/hiscap1_s07029.fa,SQL/data/gff/mycodb/hiscap1_s07029.gff,Histoplasma,capsulatum
hiscap1_s07033,SQL/data/fna/ships/mycodb/hiscap1_s07033.fa,SQL/data/gff/mycodb/hiscap1_s07033.gff,Histoplasma,capsulatum
hiscap1_s07034,SQL/data/fna/ships/mycodb/hiscap1_s07034.fa,SQL/data/gff/mycodb/hiscap1_s07034.gff,Histoplasma,capsulatum
hiscap1_s07035,SQL/data/fna/ships/mycodb/hiscap1_s07035.fa,SQL/data/gff/mycodb/hiscap1_s07035.gff,Histoplasma,capsulatum
hiscap1_s07036,SQL/data/fna/ships/mycodb/hiscap1_s07036.fa,SQL/data/gff/mycodb/hiscap1_s07036.gff,Histoplasma,capsulatum
hiscap1_s07039,SQL/data/fna/ships/mycodb/hiscap1_s07039.fa,SQL/data/gff/mycodb/hiscap1_s07039.gff,Histoplasma,capsulatum
hiscap1_s07040,SQL/data/fna/ships/mycodb/hiscap1_s07040.fa,SQL/data/gff/mycodb/hiscap1_s07040.gff,Histoplasma,capsulatum
hiscap1_s07043,SQL/data/fna/ships/mycodb/hiscap1_s07043.fa,SQL/data/gff/mycodb/hiscap1_s07043.gff,Histoplasma,capsulatum
hiscap1_s07045,SQL/data/fna/ships/mycodb/hiscap1_s07045.fa,SQL/data/gff/mycodb/hiscap1_s07045.gff,Histoplasma,capsulatum
hiscap1_s07048,SQL/data/fna/ships/mycodb/hiscap1_s07048.fa,SQL/data/gff/mycodb/hiscap1_s07048.gff,Histoplasma,capsulatum
hiscap1_s07054,SQL/data/fna/ships/mycodb/hiscap1_s07054.fa,SQL/data/gff/mycodb/hiscap1_s07054.gff,Histoplasma,capsulatum
hiscap3_s07071,SQL/data/fna/ships/mycodb/hiscap3_s07071.fa,SQL/data/gff/mycodb/hiscap3_s07071.gff,Histoplasma,capsulatum
hiscap3_s07075,SQL/data/fna/ships/mycodb/hiscap3_s07075.fa,SQL/data/gff/mycodb/hiscap3_s07075.gff,Histoplasma,capsulatum
hiscap3_s07078,SQL/data/fna/ships/mycodb/hiscap3_s07078.fa,SQL/data/gff/mycodb/hiscap3_s07078.gff,Histoplasma,capsulatum
hiscap4_s07087,SQL/data/fna/ships/mycodb/hiscap4_s07087.fa,SQL/data/gff/mycodb/hiscap4_s07087.gff,Histoplasma,capsulatum
hiscap4_s07088,SQL/data/fna/ships/mycodb/hiscap4_s07088.fa,SQL/data/gff/mycodb/hiscap4_s07088.gff,Histoplasma,capsulatum
hiscap4_s07090,SQL/data/fna/ships/mycodb/hiscap4_s07090.fa,SQL/data/gff/mycodb/hiscap4_s07090.gff,Histoplasma,capsulatum
hiscap4_s07098,SQL/data/fna/ships/mycodb/hiscap4_s07098.fa,SQL/data/gff/mycodb/hiscap4_s07098.gff,Histoplasma,capsulatum
hiscap4_s07102,SQL/data/fna/ships/mycodb/hiscap4_s07102.fa,SQL/data/gff/mycodb/hiscap4_s07102.gff,Histoplasma,capsulatum
hiscap4_s07103,SQL/data/fna/ships/mycodb/hiscap4_s07103.fa,SQL/data/gff/mycodb/hiscap4_s07103.gff,Histoplasma,capsulatum
hiscap4_s07105,SQL/data/fna/ships/mycodb/hiscap4_s07105.fa,SQL/data/gff/mycodb/hiscap4_s07105.gff,Histoplasma,capsulatum
hiscap5_s07108,SQL/data/fna/ships/mycodb/hiscap5_s07108.fa,SQL/data/gff/mycodb/hiscap5_s07108.gff,Histoplasma,capsulatum
hiscap5_s07114,SQL/data/fna/ships/mycodb/hiscap5_s07114.fa,SQL/data/gff/mycodb/hiscap5_s07114.gff,Histoplasma,capsulatum
hiscap5_s07115,SQL/data/fna/ships/mycodb/hiscap5_s07115.fa,SQL/data/gff/mycodb/hiscap5_s07115.gff,Histoplasma,capsulatum
hiscap5_s07126,SQL/data/fna/ships/mycodb/hiscap5_s07126.fa,SQL/data/gff/mycodb/hiscap5_s07126.gff,Histoplasma,capsulatum
ilydes1_s07286,SQL/data/fna/ships/mycodb/ilydes1_s07286.fa,SQL/data/gff/mycodb/ilydes1_s07286.gff,Ilyonectria,destructans
ilysp.1_s07298,SQL/data/fna/ships/mycodb/ilysp.1_s07298.fa,SQL/data/gff/mycodb/ilysp.1_s07298.gff,Ilyonectria,sp.
kredeu2_s07382,SQL/data/fna/ships/mycodb/kredeu2_s07382.fa,SQL/data/gff/mycodb/kredeu2_s07382.gff,Kretzschmaria,deusta
kredeu2_s07384,SQL/data/fna/ships/mycodb/kredeu2_s07384.fa,SQL/data/gff/mycodb/kredeu2_s07384.gff,Kretzschmaria,deusta
laspus2_s07456,SQL/data/fna/ships/mycodb/laspus2_s07456.fa,SQL/data/gff/mycodb/laspus2_s07456.gff,Lasallia,pustulata
lasthe2_s07469,SQL/data/fna/ships/mycodb/lasthe2_s07469.fa,SQL/data/gff/mycodb/lasthe2_s07469.gff,Lasiodiplodia,theobromae
letlup1_s07607,SQL/data/fna/ships/mycodb/letlup1_s07607.fa,SQL/data/gff/mycodb/letlup1_s07607.gff,Letharia,lupina
macpha1_s07667,SQL/data/fna/ships/mycodb/macpha1_s07667.fa,SQL/data/gff/mycodb/macpha1_s07667.gff,Macrophomina,phaseolina
metbru1_s07797,SQL/data/fna/ships/mycodb/metbru1_s07797.fa,SQL/data/gff/mycodb/metbru1_s07797.gff,Metarhizium,brunneum
metmaj1_s07820,SQL/data/fna/ships/mycodb/metmaj1_s07820.fa,SQL/data/gff/mycodb/metmaj1_s07820.gff,Metarhizium,majus
metrob2_s07837,SQL/data/fna/ships/mycodb/metrob2_s07837.fa,SQL/data/gff/mycodb/metrob2_s07837.gff,Metarhizium,robertsii
metrob3_s07847,SQL/data/fna/ships/mycodb/metrob3_s07847.fa,SQL/data/gff/mycodb/metrob3_s07847.gff,Metarhizium,robertsii
monsp.3_s07960,SQL/data/fna/ships/mycodb/monsp.3_s07960.fa,SQL/data/gff/mycodb/monsp.3_s07960.gff,Monosporascus,sp.
morimp1_s08009,SQL/data/fna/ships/mycodb/morimp1_s08009.fa,SQL/data/gff/mycodb/morimp1_s08009.gff,Morchella,importuna
morimp1_s08010,SQL/data/fna/ships/mycodb/morimp1_s08010.fa,SQL/data/gff/mycodb/morimp1_s08010.gff,Morchella,importuna
orboli11_s08160,SQL/data/fna/ships/mycodb/orboli11_s08160.fa,SQL/data/gff/mycodb/orboli11_s08160.gff,Orbilia,oligospora
orboli11_s08161,SQL/data/fna/ships/mycodb/orboli11_s08161.fa,SQL/data/gff/mycodb/orboli11_s08161.gff,Orbilia,oligospora
orboli12_s08163,SQL/data/fna/ships/mycodb/orboli12_s08163.fa,SQL/data/gff/mycodb/orboli12_s08163.gff,Orbilia,oligospora
orboli14_s08164,SQL/data/fna/ships/mycodb/orboli14_s08164.fa,SQL/data/gff/mycodb/orboli14_s08164.gff,Orbilia,oligospora
orboli15_s08165,SQL/data/fna/ships/mycodb/orboli15_s08165.fa,SQL/data/gff/mycodb/orboli15_s08165.gff,Orbilia,oligospora
orboli15_s08166,SQL/data/fna/ships/mycodb/orboli15_s08166.fa,SQL/data/gff/mycodb/orboli15_s08166.gff,Orbilia,oligospora
orboli16_s08168,SQL/data/fna/ships/mycodb/orboli16_s08168.fa,SQL/data/gff/mycodb/orboli16_s08168.gff,Orbilia,oligospora
orboli16_s08169,SQL/data/fna/ships/mycodb/orboli16_s08169.fa,SQL/data/gff/mycodb/orboli16_s08169.gff,Orbilia,oligospora
orboli19_s08172,SQL/data/fna/ships/mycodb/orboli19_s08172.fa,SQL/data/gff/mycodb/orboli19_s08172.gff,Orbilia,oligospora
orboli20_s08174,SQL/data/fna/ships/mycodb/orboli20_s08174.fa,SQL/data/gff/mycodb/orboli20_s08174.gff,Orbilia,oligospora
orboli2_s08150,SQL/data/fna/ships/mycodb/orboli2_s08150.fa,SQL/data/gff/mycodb/orboli2_s08150.gff,Orbilia,oligospora
paevar1_s08201,SQL/data/fna/ships/mycodb/paevar1_s08201.fa,SQL/data/gff/mycodb/paevar1_s08201.gff,Paecilomyces,variotii
parbra1_s08212,SQL/data/fna/ships/mycodb/parbra1_s08212.fa,SQL/data/gff/mycodb/parbra1_s08212.gff,Paracoccidioides,brasiliensis
parbra2_s08229,SQL/data/fna/ships/mycodb/parbra2_s08229.fa,SQL/data/gff/mycodb/parbra2_s08229.gff,Paracoccidioides,brasiliensis
parbra2_s08231,SQL/data/fna/ships/mycodb/parbra2_s08231.fa,SQL/data/gff/mycodb/parbra2_s08231.gff,Paracoccidioides,brasiliensis
parbra2_s08236,SQL/data/fna/ships/mycodb/parbra2_s08236.fa,SQL/data/gff/mycodb/parbra2_s08236.gff,Paracoccidioides,brasiliensis
parlut1_s08243,SQL/data/fna/ships/mycodb/parlut1_s08243.fa,SQL/data/gff/mycodb/parlut1_s08243.gff,Paracoccidioides,lutzii
parlut1_s08246,SQL/data/fna/ships/mycodb/parlut1_s08246.fa,SQL/data/gff/mycodb/parlut1_s08246.gff,Paracoccidioides,lutzii
penchr1_s08352,SQL/data/fna/ships/mycodb/penchr1_s08352.fa,SQL/data/gff/mycodb/penchr1_s08352.gff,Penicillium,chrysogenum
penchr1_s08356,SQL/data/fna/ships/mycodb/penchr1_s08356.fa,SQL/data/gff/mycodb/penchr1_s08356.gff,Penicillium,chrysogenum
penchr2_s08358,SQL/data/fna/ships/mycodb/penchr2_s08358.fa,SQL/data/gff/mycodb/penchr2_s08358.gff,Penicillium,chrysogenum
penfla1_s08416,SQL/data/fna/ships/mycodb/penfla1_s08416.fa,SQL/data/gff/mycodb/penfla1_s08416.gff,Penicillium,flavigenum
penrub1_s08532,SQL/data/fna/ships/mycodb/penrub1_s08532.fa,SQL/data/gff/mycodb/penrub1_s08532.gff,Penicillium,rubens
penrub1_s08536,SQL/data/fna/ships/mycodb/penrub1_s08536.fa,SQL/data/gff/mycodb/penrub1_s08536.gff,Penicillium,rubens
pensol2_s08548,SQL/data/fna/ships/mycodb/pensol2_s08548.fa,SQL/data/gff/mycodb/pensol2_s08548.gff,Penicillium,solitum
pensp.9_s08575,SQL/data/fna/ships/mycodb/pensp.9_s08575.fa,SQL/data/gff/mycodb/pensp.9_s08575.gff,Penicillium,sp.
pensp.9_s08576,SQL/data/fna/ships/mycodb/pensp.9_s08576.fa,SQL/data/gff/mycodb/pensp.9_s08576.gff,Penicillium,sp.
pensp.9_s08578,SQL/data/fna/ships/mycodb/pensp.9_s08578.fa,SQL/data/gff/mycodb/pensp.9_s08578.gff,Penicillium,sp.
podcom1_s08798,SQL/data/fna/ships/mycodb/podcom1_s08798.fa,SQL/data/gff/mycodb/podcom1_s08798.gff,Podospora,comata
psesp.9_s08975,SQL/data/fna/ships/mycodb/psesp.9_s08975.fa,SQL/data/gff/mycodb/psesp.9_s08975.gff,Pseudogymnoascus,sp.
pyrory1_s09315,SQL/data/fna/ships/mycodb/pyrory1_s09315.fa,SQL/data/gff/mycodb/pyrory1_s09315.gff,Pyricularia,oryzae
pyrory1_s09318,SQL/data/fna/ships/mycodb/pyrory1_s09318.fa,SQL/data/gff/mycodb/pyrory1_s09318.gff,Pyricularia,oryzae
pyrory2_s09327,SQL/data/fna/ships/mycodb/pyrory2_s09327.fa,SQL/data/gff/mycodb/pyrory2_s09327.gff,Pyricularia,oryzae
pyrory2_s09328,SQL/data/fna/ships/mycodb/pyrory2_s09328.fa,SQL/data/gff/mycodb/pyrory2_s09328.gff,Pyricularia,oryzae
pyrory2_s09330,SQL/data/fna/ships/mycodb/pyrory2_s09330.fa,SQL/data/gff/mycodb/pyrory2_s09330.gff,Pyricularia,oryzae
pyrory2_s09331,SQL/data/fna/ships/mycodb/pyrory2_s09331.fa,SQL/data/gff/mycodb/pyrory2_s09331.gff,Pyricularia,oryzae
pyrory2_s09332,SQL/data/fna/ships/mycodb/pyrory2_s09332.fa,SQL/data/gff/mycodb/pyrory2_s09332.gff,Pyricularia,oryzae
pyrtri1_s09374,SQL/data/fna/ships/mycodb/pyrtri1_s09374.fa,SQL/data/gff/mycodb/pyrtri1_s09374.gff,Pyrenophora,tritici-repentis
spobra1_s09737,SQL/data/fna/ships/mycodb/spobra1_s09737.fa,SQL/data/gff/mycodb/spobra1_s09737.gff,Sporothrix,brasiliensis
talcel1_s09839,SQL/data/fna/ships/mycodb/talcel1_s09839.fa,SQL/data/gff/mycodb/talcel1_s09839.gff,Talaromyces,cellulolyticus
talcel1_s09841,SQL/data/fna/ships/mycodb/talcel1_s09841.fa,SQL/data/gff/mycodb/talcel1_s09841.gff,Talaromyces,cellulolyticus
triequ1_s10067,SQL/data/fna/ships/mycodb/triequ1_s10067.fa,SQL/data/gff/mycodb/triequ1_s10067.gff,Trichophyton,equinum
trirub8_s10102,SQL/data/fna/ships/mycodb/trirub8_s10102.fa,SQL/data/gff/mycodb/trirub8_s10102.gff,Trichophyton,rubrum
tubmel2_s10149,SQL/data/fna/ships/mycodb/tubmel2_s10149.fa,SQL/data/gff/mycodb/tubmel2_s10149.gff,Tuber,melanosporum
tubmel2_s10150,SQL/data/fna/ships/mycodb/tubmel2_s10150.fa,SQL/data/gff/mycodb/tubmel2_s10150.gff,Tuber,melanosporum
verdah3_s10229,SQL/data/fna/ships/mycodb/verdah3_s10229.fa,SQL/data/gff/mycodb/verdah3_s10229.gff,Verticillium,dahliae
verdah3_s10230,SQL/data/fna/ships/mycodb/verdah3_s10230.fa,SQL/data/gff/mycodb/verdah3_s10230.gff,Verticillium,dahliae
verdah3_s10233,SQL/data/fna/ships/mycodb/verdah3_s10233.fa,SQL/data/gff/mycodb/verdah3_s10233.gff,Verticillium,dahliae
verdah3_s10237,SQL/data/fna/ships/mycodb/verdah3_s10237.fa,SQL/data/gff/mycodb/verdah3_s10237.gff,Verticillium,dahliae
